homeownership_rate_moe,median_gross_rent_moe,rent_burden_rate_moe,vacancy_rate_moe,poverty_rate_moe,gini_index_moe,median_household_income_moe,childhood_poverty_rate_moe,labor_force_participation_rate_moe,youth_unemployment_rate_moe,hs_or_higher_rate_moe,bachelors_or_higher_rate_moe
0.2909411326416014,0.08928319527498146,1.0244671171071313,0.4669004695188211,0.5487083406175101,0.7618164187073727,0.13878280579257732,1.1897417145542664,0.5567235006322525,,,
0.3014598641466263,0.06802529163808112,0.6341708228997673,0.35369050138909336,0.4277083458458535,0.40779584766100535,0.1608436564243454,0.966798440126065,0.5528077315796732,,,
0.2961738619632908,0.13817637363985227,0.7911824631931406,0.3215964082523392,0.4381903070355922,0.5108651278390617,0.20452414067524619,0.8372042562033761,0.502746661782404,,,
0.3293100518701965,0.10628951818450175,0.8283492967130784,0.3687424522715458,0.32132808122270673,0.8850514276159182,0.142152099343611,0.9119340454147925,0.5483507013780738,,,
0.25574190284797976,0.13179900254878216,0.8289990957148438,0.4897489770870352,0.4481157763849543,0.613934408017118,0.18683534953231942,1.2069526094702396,0.4267031696322048,,,
0.45414852947059126,0.09353477600236153,1.314144554700511,0.7119947209770974,0.8037353303038158,0.7909446935403015,0.35209117608301843,2.180046184047247,0.8075901433260502,,,
0.2976670491336217,0.12117005073033199,0.7485994526112486,0.42581139856332256,0.25856783296428143,0.47949621648052276,0.2779266073227654,0.657420902630944,0.3425595308531071,,,
0.5796507226793726,0.23596273036959386,1.7596201504982696,0.5839563952664688,0.5551194474153022,0.5511965853000402,0.34579380599358644,0.9454312933875365,0.9949486301647651,,,
0.7427199624690682,0.21683061709638354,2.1083748179305313,0.6350512780231334,0.3422913494020986,0.6901160498878552,0.4323926723826542,0.7547627967184589,1.430434039934654,,,
0.38803186928561395,0.1466795350946124,0.7949177831163232,0.30461419108206067,0.3399820944550019,0.40555521113539544,0.32601926170001977,0.8584142498249691,0.6019175539510394,,,
0.2788886424925324,0.14880532545830244,0.9109439442808568,0.22697624244783665,0.16914034555690344,0.35177993452075734,0.23609121239743067,0.19861456692259452,0.47540822279714584,,,
0.36091332220286837,0.20620166527793338,1.1970113412131844,0.36085730545971706,0.41803085012630525,0.37642693630246643,0.14291420145634479,1.2517138189101031,0.561030073452559,,,
0.7029986288981973,0.3805164751005162,1.790871692914532,0.9303886386544766,0.44833137357656533,0.6497845924268767,0.3712239501763882,0.7230820646844679,1.038471379856208,,,
0.3021789997017116,0.0914089856386715,0.6750459015215562,0.3292232268506002,0.22505218386899392,0.27111701959880025,0.16858500946422036,0.6929802416820174,0.3753957424845238,,,
0.3575331948364715,0.16156006764044265,1.50217803268381,0.41495205467201113,0.36279638321367336,0.582565496658579,0.37306903950195425,0.5424857972529394,0.5957278887980957,,,
0.12233621503533446,0.05314475909225087,0.36515107660738105,0.16794097679697104,0.14634542048320587,0.19045410467684318,0.09056981950278602,0.2714392724633398,0.2182605223184301,,,
0.30240182009433697,0.16581164836782272,0.7680979821449507,0.5000647825421296,0.22227525996485584,0.4302022129171045,0.21627655746635172,0.11435064438895486,0.5200065000751044,,,
0.6487539785777072,0.3443780389177856,2.1979393706112766,0.6421041716914673,0.45088857715872394,0.6990785959902949,0.27303310954626414,0.7715854371735958,0.7816907538697756,,,
0.3525569570028527,0.11691847000295191,0.8387054280971816,0.6251795843384156,0.3985658108832323,0.5041432182622319,0.27094735639562423,0.10443719788560377,0.6267798950750545,,,
0.20982274452502006,0.06164792054701101,0.5940831577654097,0.23540482032946294,0.2826937437783535,0.3540205710463673,0.112751002047091,0.6077951785690555,0.3044211575160831,,,
0.5256535572615567,0.19769850382317325,1.5883142424992416,0.5707507325228323,0.6718174809602749,0.7080411420927346,0.22706631895716192,1.9680279760549588,0.780193198484439,,,
0.5159449521270284,0.13179900254878216,1.139429782814069,0.6526782098875558,0.7375067470059303,1.2906066387513135,0.3046402919059609,0.5240858260797249,0.7834405604725044,,,
0.4608832445008932,0.12117005073033199,0.8975181463880579,0.6398954841911116,0.7020783556919727,1.0575804400878819,0.1916486260337961,1.2877811255355407,0.7764754013870964,,,
0.44800804178578263,0.11054109891188181,1.1948092446545426,0.6638651783918057,0.521898440075394,0.6789128672598056,0.21747987659172088,2.2919346862616616,0.5872316333849406,,,
0.4602032368715462,0.06589950127439108,1.431129253189505,0.6302354281161302,0.9372630071687995,0.8357574240525,0.35377582285853526,3.1459292626303457,0.9336302206537624,,,
0.38042743959143954,0.08503161454760139,1.1114850043385818,0.5405852801700601,0.48514972788693145,0.5646404044536997,0.1622475287372761,0.9029841442108635,0.5956247445253278,,,
0.562794266607746,0.19982429418686326,0.9839712595279008,0.6159392558602067,0.5527906065348708,0.6453033193756568,0.26517142459385223,1.0509363932221858,1.1350060093598595,,,
0.6137292054592629,0.16156006764044265,1.139001894020115,0.524977803075461,0.633542704788408,1.1920186316244772,0.14552139289464466,0.5567723255709665,1.0179551218425205,,,
0.5010504027629918,0.18706955200472306,0.8882937432497395,0.5486169102917839,0.3921680785023495,1.006045799998854,0.22734709341974807,0.6230417069648275,0.7895941302616075,,,
0.2742166239785356,0.11266688927557185,0.8109567923878255,0.23051778420304161,0.3385207605138762,0.389870755456126,0.30656560250655157,0.9255856245682894,0.5007270629559254,,,
0.6175629985552075,0.41240333055586675,1.9790991918240581,0.44928120737732735,0.6804768477133393,0.7147630516695642,0.37808286919099243,0.2692677963020289,0.8832953980813074,,,
0.8275031220264926,0.3550069907362358,2.7422894090785834,0.34434749022125194,0.5198495436512377,0.7259662342976139,0.5648781080857995,0.6002749663508347,1.2154900498006391,,,
0.5667600872914955,0.22958535927852375,1.5829532799183894,0.7097216608087282,0.6000527021330595,0.6296188636963873,0.35899020573513496,1.0408548344912876,1.6408382634882541,,,
0.27418976539287143,0.11691847000295191,0.7450610540133069,0.21884395187403405,0.3194884031393469,0.40555521113539544,0.16184642236215305,0.5605824408817016,0.3439143431534452,,,
0.5724654427441991,0.15730848691306257,1.4240080237807367,0.4723220889506041,0.5303538237715341,0.9096984293976272,0.20520602151295536,0.7220468427922598,0.7969561480677558,,,
0.49716515140278134,0.22745956891483374,1.2988506289592472,0.3402342306016954,0.43667752360465506,0.665469048106146,0.35862920999752423,0.6624922928621133,0.8921900802979624,,,
0.3334635096884311,0.28060432800708457,0.9724340178505808,0.5440625341961708,0.3793865050559677,0.4951806721597922,0.4021893623358881,0.4644344609594175,0.5362730099568286,,,
0.7154673664917665,0.2784785376433946,1.5967543177442265,0.6545414215774776,0.4087709741069943,0.7730196013354222,0.4891893351000789,0.4647027742487807,0.995970907378417,,,
0.3918020091065421,0.2976106509166049,1.2491592089620858,0.5726967564541773,0.5398669743872591,0.9141797024488472,0.4295047064817682,0.7836491399896485,0.7055758221950311,,,
0.7012371435557745,0.3996485883737265,2.1247893081063234,0.6004168953164195,0.6031200385013245,0.9657143425378752,0.6871754418608192,0.7262472609536191,0.9440125130880619,,,
0.6904344106248772,0.19769850382317325,1.5312881994298542,0.6528630016401771,0.506099459671697,0.8357574240525,0.44494730192400583,0.5230064073281363,1.8192015209124766,,,
0.8452881786454237,0.6802529163808111,1.64722711779468,0.55244489855163,0.8294416308479794,1.308531730956193,0.44927925077533487,0.8274455544408926,0.9082614911823609,,,
0.3522545136030179,0.244465891824354,1.1392842840862394,0.5735069642595834,0.5877262748882457,0.6206563175939477,0.24603865050048246,0.9046970499430241,0.669568761592887,,,
0.6350093616934892,0.5080638969219183,1.3501343178934795,0.5537098699531419,0.38230756489648215,0.7170036881951742,0.3240939510994291,0.5517400640331526,0.9884152646070861,,,
0.8089729361231606,0.4081517498284867,2.538043703574027,0.49143752375734656,0.5753411678933662,0.8379980605781099,0.513095275057413,0.4895848475660592,1.01379932803359,,,
0.30679851644798833,0.20832745564162342,0.9196388731157348,0.3842015811083782,0.2145015284757211,0.5511965853000402,0.29292798575236767,0.3020795304404766,0.5608016173892842,,,
0.6962439572902233,0.1764406001862729,1.550664397730143,0.3744961567092516,0.26328356866303393,0.5153464008902815,0.3492032101821324,0.6600432212201061,0.9504215509906282,,,
0.5207995621079329,0.2933590701892248,1.4160449024427093,0.2862411966299845,0.30978877600270155,0.7685383282842023,0.2125462681777073,0.9404578595407187,0.7893439846821622,,,
0.7085988819186629,0.24659168218804403,1.489290687629212,0.45383483224959914,0.7141760128689411,0.7819821474378619,0.3870676519937489,1.2360967647434078,0.7444376281404176,,,
0.4131375031117342,0.2019500845505533,1.2833361292263303,0.3414283520602833,0.3911065183255437,0.5467153122488204,0.34218384861747897,0.323934840553905,0.781359944486673,,,
0.464923001665213,0.2891074894618447,1.5410930842556991,0.3014140183972047,0.5130922646327141,0.5534372218256501,0.3791257457663124,0.6172320982142969,0.6727263160594502,,,
0.4517160211461023,0.2125790363690035,1.0353779511375651,0.5938154453117853,0.5665828547629466,0.6856347768366353,0.42056003431652406,0.2363890317351457,0.9272704212351484,,,
0.5490419399924674,0.2635980050975643,1.4683402819495002,0.7556967133231891,0.3790077966929747,0.6161750445427279,0.590669248006212,0.3159564268233545,0.6845941554019966,,,
0.5181437355387264,0.18494376164103302,1.1591164312001796,0.3508795128059169,0.33230513747762924,0.526549583518331,0.45569695277730377,0.5352345849486854,0.7733515920145395,,,
0.44311811127336165,0.20832745564162342,0.9345851612062394,0.4689694553488995,0.6393118776413647,1.0777461688183712,0.2571894077289034,1.295769921815763,1.4182389603692016,,,
0.5057004413301798,0.17856639054996293,1.7066797176479667,0.5989561034431823,0.6897589756304343,0.5937686792866287,0.42204412790447937,1.7208835190986977,0.9196716874769459,,,
0.4690891949461306,0.25934642437018424,1.2633189281491402,0.3325696506507239,0.23493745486549114,0.6184156810683378,0.2628851182556508,0.3902986856952029,0.5601130535386384,,,
0.4628586830557592,0.14455374473092236,1.0110598337781822,0.47048528120916916,0.7264372997915161,0.5668810409793096,0.2696638159952304,1.283548914853403,0.8683150759298882,,,
0.46509408835473504,0.2635980050975643,1.3130869340973472,0.40597296553032797,0.4863321548074357,0.5310308565695508,0.35955175466030725,0.8300465339200946,0.6529271395171424,,,
0.4716455479524797,0.17856639054996293,1.5412977025765793,0.33769562954622956,0.4408873152877289,0.8223136048988405,0.38534289458071974,0.5127955656600076,0.7041606082216781,,,
0.5615260177232578,0.20620166527793338,1.82798276252623,0.4426805610220023,0.4680866943003709,0.9903613443195844,0.7679983764481151,0.605060760408999,0.882917298421736,,,
0.4275540429882286,0.19132113273210313,1.3100774322808566,0.2147116449428032,0.3678883650656946,0.40779584766100535,0.2772848371225685,0.6279291583914738,0.5622824104469077,,,
0.32093103140713036,0.2317111496422138,0.7894124850138912,0.32349465613432854,0.21114474578719247,0.3450580249439276,0.4442253104487843,0.36630104586256984,0.4783119206553193,,,
0.2425570883541655,0.10841530854819177,0.6010506766885408,0.23134723226639742,0.33161058130876464,0.5287902200439409,0.18286439641860117,0.6762308769464657,0.33887913052605323,,,
0.44381006404743273,0.22958535927852375,1.4206008579880662,0.4550991627634512,0.5507100931216018,0.5803248601329691,0.3684964268255514,1.205508074928778,0.6901784612135141,,,
0.40530105686725576,0.28485590873446465,1.3169365292356958,0.326075591321826,0.2986270406743374,0.55567785835126,0.36524746518705464,0.2558609636395685,0.5583719228807917,,,
0.30553038555437434,0.17431480982258285,0.9408915429777471,0.3695383862101694,0.41414109871774457,0.4503679416475938,0.2909625645142647,0.8018052734331086,0.6087711288314485,,,
0.411599813554765,0.12117005073033199,1.3262174715968211,0.4741394666069931,0.5359175247067349,0.6072124984402881,0.39521011140874696,0.877039571474854,1.174229991355045,,,
0.5168075220694892,0.2976106509166049,1.1415956370077331,0.38193674914090486,0.3404864409852646,0.5758435870817493,0.7071906499794598,0.554383266352043,0.6327967411621407,,,
0.648506385576403,0.3124911834624351,2.208207634145151,0.6707354246344289,0.8959413154516318,0.9500298868586059,0.1637717329627437,3.31639819831827,0.8633492327301153,,,
0.5544168485875742,0.24021431109697394,2.0329931052819528,0.5518550903663161,0.6995933941160586,0.6609877750549262,0.4389708169346723,1.2954853595066613,0.8951829892656072,,,
0.35195133947670804,0.2572206340064942,0.8765500540414414,0.29046989628633274,0.28023263107667373,0.416758393763445,0.2944923006153476,0.2581151847250685,0.5325160918556507,,,
0.6751185296557455,0.2827301183707746,1.501708002928381,0.8295764427158034,0.40461847176890803,0.7864634204890817,0.35886987382259805,0.7703624069344622,0.8346322515913397,,,
0.4263441020392027,0.19344692309579317,1.315904330641259,0.7323716926645453,0.4832801575810555,0.6184156810683378,0.23897917829831666,0.1768605445445432,0.7359379682301689,,,
0.28756239051030563,0.19344692309579317,0.8014336090952288,0.33825175907792016,0.2899788600259778,0.42572093986588466,0.3928435837955209,0.4185597543360468,0.484353240085861,,,
0.6306914547580733,0.42728386310169697,1.7800993350824084,0.2833069994035062,0.6014745990598612,0.8760888815134785,0.34715756766900485,1.3497083220846906,0.7159267712999277,,,
0.7226470536810433,0.5420765427409588,2.0983019113685355,0.6305340605536479,0.82585860668153,0.7640570552329825,0.7462183002789331,1.7073103858467802,1.2384212269737087,,,
0.672822591769659,0.60797604401535,1.8027248358251022,0.37704058738177104,0.35506279373328403,0.5780842236073592,0.2818975604364837,0.7536603265697438,0.7809642589971879,,,
0.6330795223184774,0.2253337785511437,1.3593194065274754,0.35447740220322865,0.6330976483414478,0.7528538726049329,0.3381326742287361,2.7986920797523216,1.0283315041249046,,,
0.5664795266476628,0.3783906847368262,1.5788370136549439,0.5235286045881992,0.27612592152765986,0.638581409798827,0.48706347131192673,0.5986633578278313,0.9121176687573228,,,
0.6281887038128482,0.33162329673564545,1.9110345013226926,0.6953668290879875,0.7118002722078496,0.9052171563464074,0.2879943773383541,1.4567523889660272,0.8251903582800922,,,
0.20178926045310788,0.07865424345653128,0.6691676850452147,0.2449744843364584,0.2604640425412456,0.3562612075719772,0.1415504397809264,0.4582127078443679,0.35339324996005894,,,
0.05418063467788954,0.03613843618273059,0.13942368568306787,0.0869824185330127,0.08575096904802716,0.1523632837414745,0.06798753058335796,0.19688832662311362,0.11195171133727373,,,
0.7498818730640899,0.23383694000590383,2.1728520003984904,0.6009280616576659,0.8582053597197911,0.8424793336293297,0.3510081888701862,1.6248194041688078,0.8034531204892701,,,
0.6581057633797034,0.4039001691011066,2.254837594168455,0.4537789825670336,0.5077983742756654,0.611693771491508,0.714450675369187,0.8703860745238652,0.8620888043897198,,,
0.7345811457270792,0.9417251311146854,2.7361861384472124,0.47064136245621563,0.5212642777488156,0.611693771491508,0.4783193523342441,1.1131282269922451,0.9586663475134161,,,
0.6292384171449077,0.16156006764044265,1.403997325386381,0.5726614708836228,0.6951193267404029,0.8357574240525,0.17391972425335703,1.3017516103052067,0.859875105230611,,,
0.6659894422023405,0.5463281234683389,1.1430370687313267,0.8680259553953059,0.3169833967109764,0.5892874062354089,1.05374655808578,0.30977456071972975,0.7723172012223786,,,
0.6135280998002671,0.4400386052838372,2.113092068513378,0.5083788557202483,0.19271597115427905,0.6587471385293163,0.16220741809976377,0.5454256168060573,0.8077593007555594,,,
0.36447568873029507,0.1466795350946124,1.0446732563377337,0.3299750824192581,0.3234894369135573,0.6049718619146782,0.24736230153838853,0.5685863176976657,0.5141708055605941,,,
0.3938588290487648,0.19132113273210313,1.141829828600018,0.354069694191765,0.3693442627099104,0.4033145746097855,0.24110504208646888,0.6503683468325698,0.5848689099980711,,,
0.5100521077667676,0.3082396027350551,1.5517493780762348,0.3524050962640124,0.3052491308020002,0.6497845924268767,0.5314659470380491,0.17861872660933267,0.9524380805959163,,,
0.49331098187877204,0.40177437873741656,1.2592016927748326,0.4341569363030198,0.41628469847035454,0.806629149219571,0.4352004170085156,0.645026626300016,0.5713819982174615,,,
0.6282148453544816,0.28060432800708457,1.5410873511751044,0.2787473421705466,0.6151621981561454,0.719244324720784,0.6459818171356815,0.3427218838291058,0.7832123805232697,,,
0.18974605834996258,0.14242795436723232,0.6140229192415905,0.2868224177061317,0.25593982311021035,0.3002452944317292,0.2535393397152836,0.29451729942566357,0.36196879230786183,,,
0.3977051148608646,0.14455374473092236,0.9047070200119794,0.43034122415869996,0.25589276827042345,0.5444746757232104,0.2111022852272643,0.5644098257223512,0.574454897448443,,,
0.3643091766985039,0.27635274727970455,1.2055813622234766,0.335825240462868,0.4138076880861982,0.42572093986588466,0.3044397387183994,0.6991166546471217,0.5321473478952085,,,
0.46227355010166904,0.24659168218804403,1.4118534113850483,0.27927156339244696,0.5104776810982076,0.6251375906451676,0.41265823872659985,1.3320627028481486,0.7445423055152091,,,
0.41506567907786535,0.1594342772767526,1.0451219278424595,0.37240923942481724,0.4663667847087598,0.4302022129171045,0.2569086332663173,1.018194920085328,0.499467178114345,,,
0.5219872231825295,0.244465891824354,2.028325035290499,0.4546242924808787,0.6086019012792364,0.55567785835126,0.29998745795453347,1.4743493173171143,0.763222760322475,,,
0.3066478138449968,0.18494376164103302,0.9290559778548783,0.4707449254829006,0.4415484045827218,0.5736029505561394,0.455335957039693,1.6404398653780163,0.8124710982373501,,,
0.8148953190387128,0.34650382928147566,2.2717152286854705,0.30197464503357907,0.5631349944603418,0.8200729683732305,0.45272876560139313,1.459835031920903,0.8785969167397804,,,
0.6382471541231436,0.40177437873741656,2.2468525381830564,0.3892071940937261,0.714608959752512,0.8671263354110388,0.7785875847513637,1.0672349632522415,0.8628187630564123,,,
0.40606587449822873,0.1721890194588928,1.1107534603228546,0.40111018170885887,0.45412835439144505,0.445886668596374,0.21362925539053954,0.7576005151039672,0.6798219945658939,,,
0.5859546933085541,0.19982429418686326,2.0616138473690837,0.33530568421453005,0.5925118855873626,0.9388267042305563,0.35169006970789535,1.12530740518982,1.0911116738165578,,,
0.3856551527701687,0.1891953423684131,1.1363486429844416,0.21966912999444618,0.3758623559560017,0.5422340391976005,0.2808145732236514,0.8240538122288178,0.6574332272963821,,,
0.5357999765674324,0.25509484364280416,1.0472943421283885,0.5521669617351885,0.46911912794245647,0.5623997679280898,0.35794732915981503,1.0082749017581465,0.6899414408562101,,,
0.5601680041316864,0.46129650892073754,1.1738631453942354,0.5668591116065338,0.5366839781123255,0.5758435870817493,0.6704091953806756,1.5900549836192277,0.8419354196597254,,,
0.5971165422426987,0.3528812003725458,1.9147765928525933,0.3251351155837925,0.5824997386451995,0.5377527661463807,0.3088117982072407,1.6638574269926882,0.9786452111502312,,,
0.5279262087280597,0.3996485883737265,1.45752018113885,0.5344969074782462,0.4380445047564496,1.5774081140293834,0.5011824157162583,0.7880584077518045,0.7147387869843091,,,
0.3237351193691626,0.16581164836782272,0.7488006328522309,0.29483430844328695,0.34236220745485163,0.4010739380841756,0.16746191161387583,0.4850546835418875,0.5267685107774821,,,
0.39263860960919983,0.21045324600531345,1.3424336242288935,0.34336441522411265,0.21891014785690954,0.4436460320707641,0.24820462492614695,0.4781973886457831,0.5841509381897554,,,
0.20851637412198118,0.09566056636605157,0.5718791605394461,0.26787100723076385,0.2810879530147982,0.4346834859683244,0.14331530783146784,0.4543103297338943,0.32520065578168206,,,
0.5272696256141572,0.26572379546125435,0.9067617904569059,0.4409713590118165,0.5147657488073853,0.9096984293976272,0.17672746887921842,1.0093114893260786,0.6497933186289723,,,
0.4114454941275534,0.21045324600531345,1.030440847208372,0.2871620338256042,0.48568580234010383,0.4324428494427145,0.2083747618764275,0.8910720461128476,0.6009271961370348,,,
0.39954945771111244,0.2635980050975643,1.106995591646631,0.5138272989161813,0.4809757821427868,0.6296188636963873,0.3476790059566648,0.4820110806982367,0.6759912882213629,,,
0.11015383687189285,0.08503161454760139,0.33448215382367974,0.1751738415707169,0.16106880764670314,0.2083791968817225,0.12454352947570885,0.2535481779770249,0.19332322669164256,,,
0.12163841723260405,0.14030216400354228,0.27845740852543727,0.2431247215810549,0.12579659229263151,0.1859728316256233,0.22654488066950196,0.18935798090301623,0.15522404469442364,,,
0.13627984252015624,0.11904426036664195,0.42378633989446557,0.15856749373951676,0.1294865422045431,0.24647001781709113,0.1853913665818764,0.19765953131432643,0.20787727567121556,,,
0.5942906218943153,0.35075541000885574,1.4237512321353982,0.48927218012449153,0.4457846578492525,0.7752602378610322,0.2492475015014669,1.2216995292083224,0.976164899890714,,,
0.5671508013022513,0.41665491128324683,1.3554863134253554,0.5471917150833269,0.4565622128831453,0.6004905888634584,0.25907460769198176,0.5652766106198478,0.8832285510388823,,,
0.5010856041186627,0.4442901860112173,0.9386478821820404,0.5139633724216388,0.32421415001072784,0.6318595002219972,0.33909532952903143,0.1619851017179194,0.6118610493324088,,,
0.32513844266144964,0.16156006764044265,0.7258466932701674,0.24452672594803754,0.30843327008498345,0.41227712071222516,0.29409119424022456,0.574084492511169,0.4098269275616987,,,
0.3866812992906749,0.3124911834624351,1.3503596016285309,0.5976597659664448,0.4807591601020974,0.9074577928720174,0.4116955834263045,0.14033770328306458,0.7646876713928439,,,
0.3538990959653191,0.23383694000590383,1.1331733727451647,0.29224336491974784,0.22451848915028363,0.4369241224939343,0.2952142920905691,0.279258725352652,0.5635844391461375,,,
0.6195025689630052,0.15093111582199248,1.5088513668077543,0.41934958557050306,0.6644734057826385,0.8559231527829891,0.3590704270101596,1.2220091429301319,0.848217493275573,,,
0.3153889573965446,0.19132113273210313,0.9056778053241235,0.27497540937525106,0.4007274144032953,0.47053367037808314,0.23649231877255372,0.6031917084203033,0.47596585940146596,,,
0.3922124523758372,0.3550069907362358,1.8607763322896351,0.2232944244806702,0.3413096235180133,0.6296188636963873,0.38105105636690306,0.5112556978764264,0.6108850519289186,,,
0.42289595804086955,0.2380885207332839,1.2926950087637188,0.325880638192048,0.5877948561280664,0.7371694169256635,0.23585054857235685,0.32304064591675474,0.6734885670749741,,,
0.2615249295648952,0.14242795436723232,0.7216990270227349,0.33820317642975867,0.33769414713996,0.34281738841831766,0.12727105282654563,0.6926238145812426,0.4381829891153476,,,
0.3588867901986845,0.2019500845505533,0.7909314683321005,0.4157620268544306,0.2480656558633251,0.5086244913134518,0.6734174931940985,0.5165494385934488,0.5849993251874127,,,
0.5987022859126165,0.21045324600531345,1.3320558103588136,0.39936813444704083,0.30399853864071125,0.5377527661463807,0.5673649676115625,0.5775080527245323,0.9835891585071258,,,
0.4880331156361302,0.2891074894618447,1.2222345235949783,0.39502451863463134,0.2704980797218545,0.5467153122488204,0.5181091047464512,0.4078538466188219,0.5984389712906991,,,
0.4073749134498925,0.2997364412802949,0.907683844288856,0.6002998172813234,0.35344228180548787,0.42572093986588466,0.5448227893296468,0.13914895183796705,0.773997619905475,,,
0.5542345631531524,0.3783906847368262,1.2675880172231684,0.6144455406768607,0.3129894213485792,1.1785748124708177,0.5193124238718204,0.5538570874283021,0.6790367889719754,,,
0.6577955180757816,0.2976106509166049,1.697904003736287,0.506853607890797,0.9354390929674316,0.7640570552329825,0.5238048152731987,1.7662352583648386,1.1244892916401374,,,
0.7515006915245864,0.18706955200472306,1.5693896844770487,0.48450597443640825,0.7123940806349425,0.6901160498878552,0.16489483081308826,0.29678009360696816,0.9971250231541915,,,
0.6971011952192614,0.33800066782671556,1.5326777176513833,0.57727958701924,0.5727066887484749,1.0732648957671513,0.35297361010828915,0.635749312535535,0.9673785713249861,,,
0.5734910974123861,0.3528812003725458,1.4707774521071997,0.5864932706159686,0.4446217533528352,0.8267948779500603,0.6495115532367643,0.9293740874050153,0.9403104040344776,,,
0.6063223958221817,0.30186223164398496,1.4272338055071259,0.4450744343965087,0.48839257632373356,0.7730196013354222,0.3260593723375321,0.8170165751523335,0.6855624297311165,,,
0.5167383744258555,0.23596273036959386,1.1935367708412663,0.5546459076478907,0.37945494891941317,0.5355121296207708,0.3164328193345788,1.0288962207534196,0.6740427719224668,,,
0.6188173214952641,0.35075541000885574,1.8363599421013395,0.5305446144696329,0.7250546650531385,1.3511038249427814,0.45333042516407773,1.2476599047596462,0.8778076922947102,,,
0.4227652736676828,0.27210116655232447,1.115585691871439,0.4434733757397014,0.3830422488674983,0.5780842236073592,0.3232516277116707,1.0891830639718028,0.6055303764397983,,,
0.5312871880414336,0.17856639054996293,1.7206176392181434,0.4956428537530515,0.436517810446953,0.7147630516695642,0.297300045241209,0.5014606195420989,0.8227962039926263,,,
0.595298652641825,0.26997537618863443,1.4438811215144494,0.5490256457402609,0.538827412520013,0.5534372218256501,0.4690939057064138,1.0726473410774662,0.8895796784687104,,,
0.6262106515038217,0.3167427641898152,1.6213050789236523,0.5076593313811999,0.53892795657412,0.6363407732732171,0.6211934431530766,1.0578829097423448,0.9978629505141966,,,
0.636901269553772,0.1594342772767526,1.3872745129822126,0.6799540458952141,0.8458160120588011,0.8760888815134785,0.639885000233811,0.5975837320584677,1.0463257255933254,,,
0.578691829869036,0.23383694000590383,1.5342612446821242,0.6428805121226877,0.9020181084714369,0.7528538726049329,0.36745355025023146,1.192619827888067,0.9332406752451684,,,
0.3520402669442286,0.16156006764044265,1.3677017872483856,0.509978641920037,0.278029043134935,0.6833941403110254,0.411495030238743,0.2782475758258763,0.5661081977821716,,,
0.27977193275075496,0.11479267963926187,0.8301374500505965,0.2426905660304263,0.32985092147093326,0.34281738841831766,0.22313547648095597,0.7171700740592015,0.4382025619257579,,,
0.3958724453414496,0.19132113273210313,1.124822891281167,0.4750657560081279,0.46649014221253615,0.47277430690369304,0.32666103190021667,0.5217915316344397,0.6850040327808119,,,
0.29704412712819867,0.15305690618568252,0.9981076628993659,0.3514366734556332,0.2868928850328786,0.47949621648052276,0.2663747437192214,0.6414124513533701,0.4529755504963283,,,
0.4354756590483975,0.3422522485540956,1.9570493395678576,0.4028551589521443,0.1539611293071423,0.39211139198173595,0.2685407181448859,0.46457477903045524,0.7767912887271741,,,
0.16789180393913977,0.12542163145771204,0.5771826487810028,0.26859016450240714,0.1255044869810566,0.4638117608012533,0.15254075445929813,0.2960427462185107,0.27020538866810306,,,
0.13847486851424862,0.07440266272915122,0.3690015800256777,0.19735151484962918,0.18355871994065415,0.27111701959880025,0.14528072906957082,0.4531086004585414,0.17257340439846577,,,
0.5711563055089629,0.26572379546125435,1.1181392522075093,0.5037576673505565,0.45390372533393536,0.8716076084622586,0.3548588100713675,0.200979245505182,0.7480141803108173,,,
0.5684541990218595,0.20407587491424334,1.6552103444155124,0.5235814506792482,0.8218991279752019,0.9365860677049462,0.2878740454258172,1.772299127881056,0.8983945117770624,,,
0.3810168868741708,0.12967321218509212,0.84359764469607,0.37320325290985684,0.40391901586345585,0.5243089469927211,0.2555047609533866,0.7698878289881642,0.5368117228582377,,,
0.48483123052136406,0.21683061709638354,1.2398961958048464,0.4134866536162258,0.35011758656395164,0.6744315942085857,0.31920045332292785,0.5005769941265753,0.7121151507077713,,,
0.6182784890963339,0.3358748774630255,1.6748922170824898,0.5027618556900895,0.3845947632067027,0.9141797024488472,0.28334154338692663,0.5679033075941996,0.952555289759532,,,
0.4316235435380438,0.14242795436723232,1.138944248397012,0.42125258329056775,0.53348857927458,0.5511965853000402,0.2756804116220763,0.8407710995245405,0.5607571042805016,,,
0.4859801001367572,0.23596273036959386,1.8705181466244984,0.4308009793016215,0.3705430139516179,0.7080411420927346,0.1549875033475488,2.0278021960376833,0.5936696368410799,,,
0.4327219348571798,0.25509484364280416,1.0347718651452318,0.34028385166627284,0.36372120485159865,0.8200729683732305,0.3169542576222387,2.5965406745039656,0.7881878453986702,,,
0.3518863244212768,0.12329584109402202,0.8936669483769978,0.3581673480205272,0.4903442513134258,0.8312761510012802,0.11800549556120303,0.9859458768544915,0.5244587030943979,,,
0.5350922685813085,0.26572379546125435,1.1678169256240536,0.6933191055184412,0.5856329936495653,0.8738482449878686,0.3758767841278156,1.619978712092793,0.8324491944457071,,,
0.3343495084656774,0.0914089856386715,0.9132777487174263,0.49879676060975525,0.7058217212239142,0.6856347768366353,0.18972331543320542,1.282270239577106,0.8065326075580963,,,
0.6844039965066386,0.14880532545830244,1.481210080067552,0.7930713912395604,0.46006555184911907,0.721484961246394,0.5076001177182272,0.7871224752595688,1.0105487709590044,,,
0.38621014568029055,0.13179900254878216,0.9087406476634361,0.5363061769926253,0.7152800492207836,0.613934408017118,0.2212101658803653,1.6387435574809042,0.774163370262173,,,
0.525836870715115,0.27210116655232447,1.5583047981661655,0.41610931432813986,0.3474623930354125,0.6699503211573659,0.4832529607482577,0.9497703855197658,0.7535290206538895,,,
0.385856212421911,0.25934642437018424,1.05158193919049,0.48591641152040704,0.2858732383877614,0.5377527661463807,0.3468366825689064,0.08088405755444998,0.6200612071427343,,,
0.4648013110512505,0.16793743873151276,1.7476970177115179,0.595655742494431,0.9534218276031275,0.7662976917585925,0.18699579208236863,1.4235350174635193,0.9270703950563483,,,
0.5634849648080382,0.15305690618568252,1.5400211342588819,0.5288078438848288,0.8306859021742158,0.9410673407561663,0.21984640420494692,1.7420270282283854,0.9703441626004051,,,
0.12559116358078456,0.10203793745712167,0.3806899135796171,0.20173986468750302,0.24045775508159603,0.28007956570123993,0.27463753504675636,0.5483445094135353,0.23520399384040203,,,
0.8490154210820045,0.33162329673564545,1.8560965105021194,0.9399437582027357,1.1199711948384177,1.2659596369696045,0.4171506301279781,2.0207633677131542,1.2299116535705397,,,
0.5990017245296674,0.1764406001862729,1.3554785490266563,0.6084801698197977,0.725534651247919,0.7416506899768833,0.29938579839184887,1.1487893861418903,1.450803475700328,,,
0.4670020778420358,0.303988022007675,1.7739981176533146,0.61887535700669,0.36732849396237194,0.42348030334027476,0.1644536138004529,0.8524154312189378,0.5283772233729199,,,
0.4766550195014282,0.22958535927852375,1.3716173993873617,0.5649456724785343,0.5505437862562885,0.6856347768366353,0.2908823432392401,0.4499267378411658,0.7764201520236441,,,
0.623772610639399,0.25509484364280416,1.9346295776281042,0.7614617341011137,0.5082020461488626,0.5668810409793096,0.23524888900967225,0.33684812074968973,0.9430068368390472,,,
0.5835159452123354,0.33800066782671556,1.789011929766101,0.31889164253216407,0.5790250662058489,0.9164203389744571,0.25863339067934643,1.3560898539181228,0.8407048663219497,,,
0.5526363722855219,0.18494376164103302,1.3100032909275772,0.84932948750308,0.7593658683579897,2.3212994405318765,0.12907603151459937,3.0595128258346107,0.7701048249930554,,,
0.7310149125287273,0.2891074894618447,2.1484784975614186,0.9788544222831095,0.7574836609150739,1.1360027184842292,0.20376203856251238,1.1029003470708993,1.0096587597781184,,,
0.838529358314502,0.365635942554686,2.457884702405397,1.0692662298732418,0.9545094005873083,0.9007358832951876,0.47314508009515666,1.8326198523110504,1.2082105593467825,,,
0.7235425021681862,0.2997364412802949,1.8431007929909207,0.5085708671350286,0.4292414207771536,0.640822046324437,0.09674685767968107,0.24318301786408794,0.8515985928156742,,,
0.3738693687227223,0.18494376164103302,0.7920392288588899,0.544614557148472,0.3721174493723415,0.5444746757232104,0.18615346869461022,0.5210000475163742,0.6046135973685514,,,
0.48058653805719753,0.14455374473092236,1.455773614189485,0.7385304611176752,0.8124064406756498,0.6945973229390751,0.4428214381358537,2.4201488623922844,0.949946065908645,,,
0.32510649662718516,0.1891953423684131,1.043842552199049,0.47457910406827714,0.5895720328843346,1.1046338071256903,0.2212101658803653,1.270823150334729,0.6803385848295114,,,
0.3136810599956801,0.12542163145771204,0.8283393644158674,0.19944892181960747,0.33232522119863495,0.4481273051219839,0.12919636342713628,1.061756608202793,0.512014906846353,,,
0.566850338019231,0.2635980050975643,1.505464039913284,0.6978652680763614,0.8531612527418236,0.5646404044536997,0.32000266607317396,1.6281245956108195,0.7852316317782251,,,
0.6364444617588512,0.24871747255173407,1.693165811403672,0.5228982449028381,0.764643155340183,0.8671263354110388,0.33227652115193945,1.5635151095802318,1.3391349439153564,,,
0.14965348094679692,0.11054109891188181,0.5090823542446534,0.21024018310741543,0.1836153375982048,0.3114484770597788,0.09931393848046863,0.4584523747686633,0.24628185911015987,,,
0.73310021069737,0.16793743873151276,2.054122470390494,0.8891677689222417,0.5654763113895032,0.7237255977720041,0.33921566144156834,0.9131844834297915,1.5850033170144415,,,
0.8334164644316062,0.38264226546420627,2.2877972964983218,0.9962623006321796,0.9804977678552524,1.4989858356330361,0.35341482712092454,0.6744425477969205,1.2350491590527883,,,
0.48966876400442105,0.3741391040094461,1.3247874996330804,0.6230066480461731,0.5905584674376623,0.7102817786183444,0.41201646852640295,0.6102538782136999,0.7070056218969955,,,
0.6441450175678868,0.21895640746007358,1.1594932294070082,0.8425332511548143,0.4337983700738823,0.6161750445427279,0.24828484620117158,0.20477420983477143,0.8046960608719337,,,
0.7968526597513031,0.1721890194588928,2.343100095921236,0.7647951373845758,1.142586554271965,0.8805701545646983,0.27395565420904716,3.3840926939497873,1.4886056279873263,,,
0.6087087636030865,0.21045324600531345,2.451529968402187,0.5558770211975897,0.673505272990366,0.6520252289524866,0.30792936418197,0.9279940795186155,1.337397796780973,,,
0.6291918891448829,0.1339247929124722,1.6484964327751441,0.739251701509666,0.7059924579472708,1.0239708922037332,0.3500856442074031,0.8119280766369107,0.9076708187183077,,,
0.21483974791806976,0.10203793745712167,0.456260436844525,0.3401703081785261,0.27128495760727095,0.4436460320707641,0.13938446535526192,0.6533993191987728,0.3883687282496599,,,
0.5315247617959658,0.2125790363690035,1.4237320231249353,0.926768188118422,0.6116102596914758,0.7707789648098123,0.21431113622824874,0.6857649016909659,0.893135515138755,,,
0.6577397846482257,0.2253337785511437,1.964669073662049,0.42469442599863777,0.41809965549226263,0.6004905888634584,0.21415069367819953,0.25271452451650367,0.8221679637648466,,,
0.6390782809617265,0.38689384619158634,1.8187393707844786,0.36361863785915816,0.4893519745754568,0.5780842236073592,0.4779583565966333,0.31260483653461174,0.8544031458867765,,,
0.7241908846101702,0.46767388001180765,1.805834813414542,0.841946102299144,0.5654375349949804,0.9343454311793364,0.1572738096857502,0.16873678328832764,0.7677229649135034,,,
0.8307254807670984,0.3422522485540956,2.2403104464257173,0.7199839172098221,0.9549665372527574,0.806629149219571,0.2865102837503988,2.1883825222160778,1.2181154941209686,,,
0.27279490466777706,0.11479267963926187,0.7624836232358185,0.3273483378463158,0.3559523538455446,0.5623997679280898,0.1909266345585746,0.7665382613737245,0.628066538696216,,,
0.5955747622459717,0.244465891824354,2.0251263268639295,0.5265814947518548,0.44187790282623174,0.6542658654780965,0.32589892978748286,0.6904084744173941,0.7042402613147446,,,
0.5612982025530203,0.25509484364280416,2.2700460467654997,0.6198327749266975,0.562095450335428,0.6878754133622453,0.3347633806777024,1.1865998026024238,0.6931462552971215,,,
0.461008612512246,0.29123327982553476,2.348838700136727,0.3205308275570279,0.42495312106470295,0.5758435870817493,0.3420234060674297,0.5505498537308672,0.7131301144682014,,,
0.9872078861379585,0.2869816990981547,2.4229782674298312,0.5676585996570114,0.9932219189920188,0.862645062359819,0.24952827596405305,1.9666553007959438,2.2272837148415943,,,
0.5912800648107963,0.28060432800708457,1.7473707693400846,0.5774536595284379,0.5805561664394859,0.8559231527829891,0.2664950756317583,0.2559958285448055,0.8036118001128267,,,
0.6515992330187133,0.31036539309874506,1.6065829055201037,0.7658671507221562,0.628879803875284,0.6587471385293163,0.2486458419387823,0.6414438412173665,0.8800416304881499,,,
0.7695169728171042,0.26572379546125435,2.783716673045397,1.1933573045214245,0.6621685589666555,0.6363407732732171,0.2981824792664797,0.944980869494293,1.1017358892065416,,,
0.3820048958595014,0.3124911834624351,1.9179044835645567,0.41490888927906994,0.3543825836977115,0.5153464008902815,0.17311751150311092,0.6329058574961435,0.45405235090610435,,,
0.9846872601997465,0.32099434491719525,3.203612253682413,0.49111286777106766,0.42872828124286655,0.9567517964354356,0.4169500769404166,0.4206268623649962,2.2428253117869983,,,
0.2769450690492959,0.12967321218509212,1.0231859729268857,0.4387272965789217,0.2704317267140277,0.5601591314024799,0.18342594534377343,0.6768001949147807,0.43864610880073235,,,
0.6200927731688377,0.21895640746007358,1.7074528687785118,0.7571349664236462,0.8056629075605929,0.665469048106146,0.23821707618558288,1.63314569642261,1.1075723025672926,,,
0.5561266264645366,0.47830283183025785,1.5313219739095802,0.49412091720164664,0.4633527457658755,0.6699503211573659,0.26043836936740017,0.6393344378263234,1.0083335647191056,,,
0.7430025613047363,0.41878070164693687,2.134454196757943,0.8022840695571654,0.7962054321988653,1.1763341759452077,0.5011824157162583,0.2564071342840751,1.01920502784302,,,
0.27016345428468386,0.12967321218509212,0.6560906372171946,0.3934322361615244,0.4872954118322947,0.7976666031171313,0.2181617574294301,0.8206453982184869,0.5055238810684187,,,
0.23316765776798887,0.12117005073033199,0.5320087707700432,0.3302836103412505,0.27150902496444157,0.48397748953174263,0.12975791235230857,0.5609868818080509,0.37916529546679384,,,
0.7927036639057327,0.19769850382317325,1.7440531861586668,0.7470525964332762,0.7500598010996535,0.9522705233842158,0.3413014145922082,2.1098218563912003,2.265029376239158,,,
0.6357371691846968,0.2614722147338743,1.3544271995126502,0.8826424404674227,0.5045146679256114,0.7237255977720041,0.23163893163356475,0.8945558056656978,0.9500490888389079,,,
0.5449833662904707,0.07015108200177114,1.1938331851072255,0.6897837418738046,0.934217293235627,0.7573351456561527,0.16028210749917313,1.2353608234492144,0.9600096737922267,,,
0.5452663843341223,0.22320798818745366,2.5937350161534116,0.675854040742153,0.3273465537648951,0.6811535037854155,0.7639472020593722,1.4918576499818805,0.8301271635954506,,,
0.2862115817310918,0.13817637363985227,0.9224658994615331,0.4499270247071227,0.5698886168630694,0.6878754133622453,0.19959053226123258,1.265283103674881,0.4911075891053386,,,
0.2117768488918283,0.09353477600236153,0.5812350739203186,0.3102615474167386,0.2827022148393319,0.34953929799514744,0.26384777355594613,0.6370502928508835,0.32723351886708496,,,
0.34375469812514275,0.07652845309284126,1.098176251209612,0.6107321000141168,0.4657380840690429,0.6363407732732171,0.1586776819986809,0.8077010357841438,0.518251695615802,,,
0.3029889335482158,0.12329584109402202,1.051538334988621,0.509132616937526,0.5208973198027846,0.8312761510012802,0.12542596350097956,1.035373950472478,0.4583115090685936,,,
0.5579085729427575,0.17431480982258285,2.086229714372781,0.3799616066432824,0.2525097226635608,0.6789128672598056,0.4169500769404166,0.6246828006987607,0.8586702402037844,,,
0.3302269185502368,0.10841530854819177,0.9444298768286915,0.5733911795126189,0.5099084316493131,0.8805701545646983,0.20316037899982778,0.8312933471537174,0.5478924963914176,,,
0.380726479090324,0.12967321218509212,0.8910265946755608,0.5543430330301216,0.4975001613323827,0.613934408017118,0.21090173203970278,1.3103340940199542,0.5160663226504408,,,
0.8579707848341325,0.23596273036959386,2.4900268509863452,0.547706962002163,0.41920033088681846,0.6296188636963873,0.315670717221845,0.7269892073456511,1.1576241968608247,,,
0.555370419691481,0.14880532545830244,1.6103347234670118,0.627090550466766,0.9377391669554683,0.8716076084622586,0.39236225614537323,2.5250340446885944,0.936150430768851,,,
0.20657191580777612,0.08503161454760139,0.6566146523324735,0.35542671321005775,0.22160322037265442,0.32713293273904825,0.19513825149736666,0.41089320156095865,0.3081410701875879,,,
0.24250761175677127,0.13605058327616223,0.6760613499359186,0.2835865776919586,0.21789009336910592,0.42796157639149457,0.13252554634065766,0.36638469285354924,0.39306738530347496,,,
0.7948156562363501,0.3167427641898152,1.354827686322814,0.7467190778668885,0.6763179225873308,0.665469048106146,0.2760815179971993,0.9600299144786791,1.0451245176188109,,,
0.6511957584744444,0.21895640746007358,1.603585688721721,0.80811089786306,0.93641677989366,0.6542658654780965,0.30135121962995187,1.0333985374590937,1.0022220632561698,,,
0.42387069659517773,0.2125790363690035,1.0307632810740388,0.33102546311840764,0.2935959797500788,0.5467153122488204,0.17359883915325858,0.24806111331570965,0.6028337319882535,,,
0.46322454940342916,0.16581164836782272,1.2674872678188878,0.45756114232963774,0.4269520965803011,0.9545111599098257,0.1452005077945462,1.0163925781890968,0.6444409708526017,,,
0.5623648949501815,0.22958535927852375,1.4263316309556175,0.498604146721461,0.3268514276854544,0.8492012432061595,0.2943318580652984,0.20591727884429972,1.134135085757698,,,
0.4515986382170484,0.17431480982258285,1.0398106602585675,0.3675606716520021,0.4009374362902706,0.5220683104671112,0.3904369455447826,0.5185164526549779,0.9571064877989286,,,
0.4131741146986567,0.1466795350946124,1.1986088268516288,0.5270562338522847,0.42667081249362193,0.5131057643646716,0.36524746518705464,0.755022275051077,0.7669963897070049,,,
0.7132379415361133,0.244465891824354,2.441223160739922,0.25734659179359815,0.406128146203032,0.613934408017118,0.3500455335698908,0.3807884617265452,1.1998577204345156,,,
0.08435844409635217,0.04464159763749073,0.2322641897991231,0.11840363673275484,0.12357020326071466,0.17925092204879356,0.08278835582539873,0.30336437980401904,0.13520240023412186,,,
0.7584126271844324,0.10416372782081171,1.237086967737283,0.8028948691535335,0.8080846894136845,0.6430626828500469,0.4655240589678186,1.3894277403369255,1.34184007611109,,,
0.4531635595897736,0.1339247929124722,1.311690951363511,0.5649024297779568,0.5852002121805507,0.891773337192748,0.19590035361010047,1.3979698164367336,0.8572251149148576,,,
0.5764097817952497,0.34650382928147566,2.053497453865005,0.5534800558471756,0.5170651943792308,0.6004905888634584,0.2715490159583088,1.1254236165518756,1.0775284773077463,,,
0.4770249678442181,0.18069218091365297,1.3660837133614623,0.3817518568999614,0.3762960762199687,0.5467153122488204,0.32513682767474905,0.27709312459418484,0.8270511031638931,,,
0.38525061544720285,0.2933590701892248,1.2450713687110624,0.33308718115669694,0.29787477820271585,0.47949621648052276,0.2830206582868282,0.3090578079181312,0.653686404903591,,,
0.47015227962692,0.13817637363985227,1.4244263918710225,0.44115886576542707,0.6301288657495621,0.7394100534512734,0.3433069464678235,0.7035670489147517,0.8204855426031278,,,
0.34842516659657113,0.10628951818450175,0.899152323852676,0.4710735765892834,0.5783578578471376,0.6833941403110254,0.2714286840457719,0.7934463387948273,0.7371785647036263,,,
0.3799921679810189,0.10416372782081171,1.0073510236461591,0.5785166413054891,0.4075347068107269,0.6542658654780965,0.33873433379142065,0.45586745660400496,0.593962699221195,,,
0.6592832728978096,0.13817637363985227,1.50449697351011,0.35870350606023915,0.6726902158895477,0.8402386971037198,0.39982283472266206,1.5635689325224473,1.328531500490636,,,
0.3683483841682436,0.16793743873151276,1.4619423537767597,0.7946402308197914,0.8367820121275729,0.7259662342976139,0.2176002085042578,0.7620530980888844,0.9263067990361713,,,
0.41108209999595463,0.08715740491129143,0.9329996171077691,0.6023342971235307,0.4847972432286711,0.8447199701549396,0.1918491792213576,1.256301781469336,0.8711542872752793,,,
0.2596484216838879,0.059522130183320976,0.7523689031309063,0.22674513887098088,0.3461363693260777,0.3562612075719772,0.11583952113553853,1.1429344825549417,0.4941432756552423,,,
0.5359475516273317,0.12754742182140208,1.434970032177932,0.8272890519179359,1.0797621900875425,1.171852902893988,0.13990590364292188,2.6178712117214764,1.3826120514763856,,,
0.6878283102375825,0.2508432629154241,1.5063767742501462,0.7439091196592337,0.8862897823877237,1.1360027184842292,0.19072608137101305,2.2927174094697187,0.8327516185241612,,,
0.1372780632466056,0.05739633981963094,0.4892435413654614,0.18796261719191573,0.21734037084230262,0.3585018440975871,0.07845640697406972,0.5111279844614603,0.24962441098766616,,,
0.5262989203951324,0.12542163145771204,1.3194065261175747,0.6565272673259985,0.602106500147331,0.49294003563418226,0.18218251558089196,1.5479478864995364,1.2349286669275894,,,
0.7052459219399214,0.7248945140183018,2.197331163466962,0.7654528851254818,0.5431516760928271,0.6318595002219972,0.538685861790264,0.4127202199749138,1.4217731196030012,,,
0.47372828470738193,0.09991214709343163,1.3674762638038838,0.6048447972738966,0.5568148919016618,0.611693771491508,0.27989202856086837,1.7129102398678098,0.8269510120152681,,,
0.36856673576830723,0.13179900254878216,0.812944755718961,0.5193218166027986,0.3388698010838681,0.6273782271707774,0.17259607321545092,0.5917490882910588,0.4898942420476981,,,
0.3982138301555818,0.1466795350946124,0.851044830076686,0.540972778804271,0.5174775029334983,0.8716076084622586,0.20957808100179667,1.1257320636732742,0.6531734019597151,,,
0.32715020201640826,0.10841530854819177,0.9355080470379651,0.43312966707155526,0.38289984319164344,0.7662976917585925,0.11307188714718945,0.9840817346689051,0.4690239089125424,,,
0.447023442675919,0.13817637363985227,1.2133615532750337,0.609544603333034,0.5495707259899413,0.7999072396427414,0.2821382242615575,1.3927347237843113,0.7676476769741521,,,
0.5642503126004952,0.1764406001862729,1.4248876211155739,0.7122218841821717,0.5275129239187031,0.8828107910903082,0.14339552910649248,1.4114647383290426,0.8287240956784412,,,
0.5866737841664776,0.2635980050975643,0.9754784630238534,0.6521898660096536,0.6738905560491485,0.7909446935403015,0.1774494603544399,0.5362109248361104,0.9550245818766944,,,
0.36728656634870566,0.12754742182140208,1.1031722747452786,0.5162154451228239,0.48209033299628046,0.5467153122488204,0.16353106913766988,0.7296111520608763,0.6927423103749564,,,
0.359754316609555,0.182817971277343,0.8581093824680764,0.6428455586252456,0.5136170140092902,0.5467153122488204,0.31270253004593435,0.296801007904236,0.6510064109327373,,,
0.35995472652922217,0.28060432800708457,1.2235154535371462,0.3415997840605309,0.23983519560368707,0.4010739380841756,0.3571852270470812,0.339721819690443,0.6005056282734517,,,
0.25742285157646544,0.11691847000295191,0.7355400005843162,0.38282127738816774,0.20450402590235106,0.4638117608012533,0.22738720405726037,0.46985642978634556,0.5073038310416415,,,
0.46890842029924606,0.15093111582199248,1.433229125322024,0.3722833351744593,0.23930741095222843,0.4570898512244236,0.5764700823268558,0.41427325348959254,0.7809811815650866,,,
0.32364928958351674,0.11266688927557185,1.0002633920376778,0.5060322540721641,0.47384040236896335,0.613934408017118,0.1271106102764964,0.8169399522495437,0.5364811245428492,,,
0.2011257693430536,0.055270549455940905,0.4688355079430698,0.27070033009335376,0.27695515402923443,0.48845876258296245,0.10521020219477754,0.718593582843076,0.29394797937789285,,,
0.4888046669394222,0.09991214709343163,1.355155188469011,0.6550341434508543,0.5822384232488429,0.8738482449878686,0.2614411353052078,0.6465615877239509,1.001237753955113,,,
0.21071206431577735,0.10416372782081171,0.741358967693695,0.2924440350959742,0.326570625127315,0.3585018440975871,0.16962788603954032,0.7113766644880112,0.3309339650447168,,,
0.14972043785154784,0.08928319527498146,0.5049055514140333,0.225657177156896,0.2717201713700072,0.34057675189270775,0.09638586194207033,0.42472769145870565,0.25787077278539017,,,
0.3748224486138616,0.0977863567297416,1.16999710966756,0.5210311607662224,0.6188364663440288,0.6228969541195576,0.1960206855226374,1.1903791186360093,0.5150278419631017,,,
0.4688572035460338,0.10416372782081171,0.8815136253612545,0.6703636636429074,0.40368145573917297,0.8267948779500603,0.297300045241209,1.329978233130001,0.6993358399143295,,,
0.6484179363482887,0.11479267963926187,1.6931583912344268,0.9515106298984501,0.7980949850420699,0.8940139737183578,0.3143470661839389,2.0192729807075804,1.011197530015799,,,
0.460162072825838,0.10628951818450175,1.1898022049937753,0.49126960711474593,0.42427080534797595,0.667709684631756,0.20925719590169825,1.2110658608677876,1.0685510007291728,,,
0.20648809936202236,0.08715740491129143,0.6886252825698559,0.28828140675500924,0.34937091700263784,0.32713293273904825,0.20267905134968012,0.7575189561448432,0.30395347700169023,,,
0.3178805426117506,0.11479267963926187,1.016844010362464,0.42392429699130424,0.6025223919571716,0.7999072396427414,0.1610040989743946,1.4324198784111077,0.5590710262681281,,,
0.47502330363021816,0.2635980050975643,0.887440449963583,0.671124365333659,0.40074964424167925,0.9634737060122652,0.29196533045207235,0.5891243797429448,0.8189899295934043,,,
0.17798373489658414,0.08290582418391136,0.5216015337524357,0.2189432528176051,0.2856950396271149,0.304726567482949,0.14335541846898017,0.7101061851495623,0.27921628443587365,,,
0.5209984030069658,0.29123327982553476,1.5261378635592509,0.4977527819236644,0.5506437213071455,0.7730196013354222,0.5116111814694577,0.4991133444684338,1.677915851976888,,,
0.5028419092463239,0.2125790363690035,1.3214573057882664,0.49137387959013834,0.6241117395417283,0.6027312253890683,0.47354618647027974,2.4094919994693833,0.8762124852535215,,,
0.6904972196375577,0.26997537618863443,1.2854793390234693,0.44907711307908327,0.3853613398383592,0.6901160498878552,0.5158629090457622,0.7265306449304701,1.1759310793753703,,,
0.7391651910947814,0.22320798818745366,1.7352094368853115,0.45537934694748,0.5240799904076408,0.6632284115805361,0.36027374613552876,0.549016254220256,1.8519452486091488,,,
0.7307446572319202,0.24234010146066398,1.9450110359442085,0.47443674304970734,0.722552660607605,0.8716076084622586,0.3630413801238779,1.2336177947403242,2.024667485178369,,,
0.4474504901286565,0.1466795350946124,1.0016851923142018,0.40939576435534103,0.5155731679656776,0.7147630516695642,0.6361948215826789,1.4317178308501792,2.1193331983794224,,,
0.1273572580490531,0.11904426036664195,0.3419505218763425,0.2091492193170121,0.21214061764679654,0.2935233848548995,0.1910068558335992,0.4420352202864586,0.25383247219040284,,,
0.54614242129278,0.25934642437018424,1.989893970409352,0.5510724902456607,0.7361567645092864,0.9298641581281166,0.5130551644199007,1.0280192419468386,0.8428812162282381,,,
0.31625227145033064,0.2317111496422138,0.7535903069252029,0.7079519866798355,0.5188230784428793,0.6811535037854155,0.4234480002174101,0.45755484119634793,0.5923445347773436,,,
0.37023405348259253,0.1891953423684131,1.0795233017390995,0.5224318565170062,0.6755754334311342,0.48621812605735254,0.2636071097308723,1.3656552023918844,0.8627907489818988,,,
0.6088603753498625,0.4145291209195568,1.2916416945059983,0.642783014541437,0.4339921022311795,0.9477892503329959,0.5358781171644026,0.7321390407738264,1.0620128875867338,,,
0.6103796506354204,0.2508432629154241,1.5874574837156914,0.6016323456353395,0.6416978757097542,0.5646404044536997,0.44101645944779994,0.7540155740774814,1.0751824547178295,,,
0.4195082287526836,0.19769850382317325,1.2922875109608767,0.19043985585383652,0.7220317350384764,0.9500298868586059,0.22706631895716192,1.6012841084782998,1.0411973624747335,,,
0.456607077689553,0.17006322909520277,1.0521892053918138,0.3897005668948031,0.5119853992417459,0.5467153122488204,0.22145082970543914,1.5422242367376928,0.6955157255934924,,,
0.564614632460154,0.24871747255173407,1.4761577207651833,0.48750661736397866,0.5276735862894446,0.55791849487687,0.19626134934771122,1.5988891529284524,0.8317553709777209,,,
0.6166277165387647,0.32524592564457533,1.4148393138580302,0.4964275052635129,0.7650498430347331,0.804388512693961,0.7464990747415192,0.6569060729650693,1.1711802653741719,,,
0.43500542382145035,0.18494376164103302,1.2990493733977926,0.33232588700684224,0.6788280376610499,0.5175870374158914,0.25165413975220524,1.9670321129167365,0.6856828480412379,,,
0.46935736818826757,0.2508432629154241,1.2510155971878365,0.5183293413795773,0.4634919048107702,0.7371694169256635,0.45942724206594815,0.4638561034940492,0.8298502207434836,,,
0.40794670991234394,0.19344692309579317,1.0558498999848795,0.5365799422296095,0.49351251590090045,0.6520252289524866,0.3968947581842638,0.4669353213893276,0.7943534511330416,,,
0.4975301917852609,0.21683061709638354,1.1880736566821135,0.4806502554173177,0.6370160458885492,0.6811535037854155,0.2958961729282783,1.3573181428325616,0.6788189983035878,,,
0.37759658838257293,0.13179900254878216,0.7367639594424451,0.4730674671538581,0.47900604574192795,0.49742130868540213,0.15129732469641666,0.9576270577708323,0.6264532521657669,,,
0.5722146303587099,0.303988022007675,1.8750635186540876,0.5556422202368021,0.743883953644909,0.7237255977720041,0.3641644779742224,1.6272898753307214,0.8186774938561597,,,
0.1781449049611516,0.059522130183320976,0.5337380303082486,0.27398294418314806,0.35838347818393584,0.34953929799514744,0.10035681505578857,0.7655849468636381,0.3304130428484802,,,
0.4294688702652346,0.19344692309579317,1.2682407058223464,0.6639387666364294,0.3355520907857572,0.7125224151439544,0.2915642240769493,0.5005406443814888,0.77083921907117,,,
0.7289173914917214,0.17006322909520277,1.452130256050719,0.7727632560711212,0.930356464720355,0.6542658654780965,0.12394186991302426,3.431698823617141,0.9275324074594227,,,
0.35415614352251357,0.13179900254878216,0.9034590833302156,0.43115087996934465,0.4246332964670114,0.48397748953174263,0.22437890624383744,0.9636217080936663,0.5277289044872915,,,
0.4610620196789967,0.20832745564162342,1.0537723260938234,0.6605284273139099,0.6592029741547378,0.6609877750549262,0.21210505116507195,1.8025009659790936,0.8776701622617206,,,
0.3327974638004228,0.1339247929124722,1.0332626383117467,0.5064674091619793,0.5630019492655616,0.6228969541195576,0.19441626002214518,1.4832693085492399,0.6632893130155152,,,
0.4629939199643343,0.3422522485540956,1.7650105219881318,0.3446212737390597,0.2838675678025284,0.6789128672598056,0.2385379612856813,0.47163809891847,0.6704571159665812,,,
0.48859754974636127,0.18069218091365297,1.6855691147663427,0.47433571335440294,0.3284447112756865,0.5086244913134518,0.40832628987527086,0.2671207534920324,0.7677302858122825,,,
0.5155870770736547,0.25934642437018424,1.2896098765244188,0.33227149208692175,0.5097833265991267,0.6878754133622453,0.19132774093369764,1.288475697658959,0.6237443138503372,,,
0.4825104927222264,0.1764406001862729,0.7886986381102725,0.48966100394410744,0.2095452555878324,0.6430626828500469,0.38538300521823204,0.24094779033675645,0.7104442731109151,,,
0.4870468102747921,0.0977863567297416,1.5808084309530084,0.47972160988422224,0.48904633917695184,0.6699503211573659,0.20364170664997547,0.9609385287384296,0.6695615029345965,,,
0.6596631525799185,0.15305690618568252,1.6795253987833356,0.6174397015506838,0.7355542946542275,0.5198276739415013,0.2755199690720271,1.702592406886209,0.8273538118601191,,,
0.5880204597550066,0.1955727134594832,1.227700977204805,0.3716198473568787,0.6070339292630984,0.6341001367476071,0.2025186087996309,1.787169469471736,1.2011523977837673,,,
0.6956573032912173,0.4464159763749073,2.7775719679440507,0.6534509691151114,0.5593113443193388,0.5153464008902815,0.4045558899491141,0.781696994182584,0.8514342437406137,,,
0.7365287560873892,0.19132113273210313,2.0262095199255894,0.5352338673729817,0.7479333526088511,0.7125224151439544,0.33263751688955023,0.2626486289239341,1.1503429297362961,,,
0.40713795544466885,0.18069218091365297,1.0734995451611329,0.5077326904687535,0.40322368998056474,1.4138416476598592,0.2249003445314974,1.0131191732283629,0.5171923301505357,,,
0.22126621154509482,0.10203793745712167,0.40430809081052155,0.2916470334973359,0.25588430534646905,0.38538948240490617,0.12442319756317193,0.4629291395992069,0.3846444228926362,,,
0.32796315954498817,0.2635980050975643,1.4828070205022639,0.4803858269672623,0.5161983045263318,0.6228969541195576,0.2822585561740944,1.2344078649032995,0.46914800809274887,,,
0.6192256400958884,0.20832745564162342,1.3272600742710885,0.9226254916668477,0.9364188766093172,1.0665429861903217,0.21571500854117945,1.4901325789654318,1.0692972403339323,,,
0.24133072654816357,0.12329584109402202,0.641759042439197,0.33650558674828307,0.3511942493348281,0.416758393763445,0.162367860649813,0.7664438221322344,0.38002931324949274,,,
0.519337028442296,0.13179900254878216,1.4121381763683354,0.7526738539306524,0.7411137229907396,1.3488631884171713,0.19646190253527276,1.505526196185203,0.8194575064424282,,,
0.3544418220047261,0.12542163145771204,0.9995180543600867,0.6172455777589382,0.5369015334981535,0.47949621648052276,0.1465241588324523,1.511777981445096,0.63157216157945,,,
0.33709113739800817,0.0914089856386715,0.9672667787271562,0.5200453661929091,0.4554866071588217,0.6430626828500469,0.1788934433048829,0.555450536494999,0.550774704648483,,,
0.5704990914471588,0.19982429418686326,1.0957870989989158,0.5053037826373373,0.5152852427616778,0.5131057643646716,0.16248819256234992,1.0771016800040512,0.8067886343998814,,,
0.18583123463267598,0.06377371091070104,0.47256340545468006,0.2158042977390256,0.23105167011650662,0.36298311714880693,0.07982016864948811,0.5932231612518033,0.30321315228546325,,,
0.5687793351146382,0.29548486055291484,2.0761031244344195,0.3138871228697705,0.31771450088045183,0.5108651278390617,0.3423442911675282,1.341893694935298,0.6586272021134278,,,
0.5330973132402101,0.12117005073033199,1.4598404350844238,0.6495951707847036,0.3869769378481403,0.5691216775049195,0.18362649853133498,0.5391617458132332,0.7592867200200065,,,
0.5163054760029536,0.09991214709343163,1.5301966021226239,0.7819481807385346,0.6103373150234446,0.9522705233842158,0.2563871949786573,1.6089744991573125,0.9074920757054922,,,
0.2090852866083298,0.09566056636605157,0.5914199502756347,0.3556500588206263,0.343266893311597,0.4638117608012533,0.15659192884804102,0.9420009574617983,0.24868489924448917,,,
0.2543091703465135,0.08503161454760139,0.6600775477796892,0.3760650505093965,0.46111540739617235,0.5668810409793096,0.10873993829586044,0.6109864301080572,0.5569717492648737,,,
0.36811747350641316,0.24021431109697394,0.9359787839681747,0.38505019130729795,0.3771071658818123,0.5153464008902815,0.23139826780849093,0.9397050615122878,0.5159172084976793,,,
0.195361189248986,0.11904426036664195,0.6097369050978819,0.2217838751882089,0.2821639177079622,0.5444746757232104,0.11868737639891222,0.19385313548957686,0.33371904746324293,,,
0.13482009499585076,0.07015108200177114,0.500188188159511,0.19068184832640742,0.2741781989464294,0.4033145746097855,0.1413899972308772,0.5987326039481707,0.2423725879743008,,,
0.45656448169998404,0.13605058327616223,1.3282560094656362,0.2732215978393418,0.4127628398524327,0.5467153122488204,0.17969565605512902,0.937831254022072,1.0836972132364338,,,
0.3201765612877407,0.10628951818450175,0.9022359456437989,0.3402389937673171,0.30277015782940786,0.4346834859683244,0.13517284841646982,0.8402264429941415,0.42001818249621986,,,
0.20781305363476799,0.07652845309284126,0.5803651369533686,0.2310064680859493,0.2546848493169379,0.37642693630246643,0.11090591272152495,0.7727994057922334,0.30823629643633954,,,
0.3934019581470244,0.11904426036664195,1.0611391086819333,0.3050813003763401,0.41858344988133905,0.39435202850734585,0.22574266791925585,0.8763145931782148,0.657885276097492,,,
0.37712501195865844,0.0977863567297416,0.8699110750804288,0.5853653926535054,0.45257509882615454,0.48845876258296245,0.20051307692401563,0.9444570511962148,1.28146266378787,,,
0.2609942260956672,0.11691847000295191,0.5940421495793782,0.3624915067172905,0.26598005838931105,0.32937356926465816,0.1485698013455799,0.6061503991408512,0.4366991508679868,,,
0.5152727103694507,0.16156006764044265,1.212827331638366,0.5277515206023295,0.4980575566391541,0.7461319630281033,0.27094735639562423,1.0505556527392457,0.7457148612495649,,,
0.3944596021982187,0.0977863567297416,0.8468154481411271,0.473519553673026,0.4053542211830033,0.6273782271707774,0.16056288196175925,0.7593493823085777,1.2929759607002593,,,
0.42688024901469146,0.13179900254878216,1.3592744211412477,0.40223372266863133,0.5017340848909131,0.5713623140305294,0.18767767292007784,1.7235210209319756,1.182112229292744,,,
0.4038205184528932,0.18069218091365297,1.0188709865029106,0.43387502362948777,0.43117773079438254,0.6206563175939477,0.22381735731866517,0.9546761649018644,0.6384141550596615,,,
0.43576055010709447,0.23383694000590383,1.2663753211651452,0.33332131673142235,0.4002761830163997,0.7752602378610322,0.3211257639235185,0.4863557150901285,0.7868876992675352,,,
0.4598530242643251,0.19132113273210313,1.1261470971082892,0.6513258690252748,0.9182015656989932,0.7887040570146917,0.36151717589841026,0.6786911453825422,0.8537526308011185,,,
0.5256773247513041,0.14030216400354228,1.4199180644697866,0.7210676277942877,0.8061562927822694,0.7752602378610322,0.25983670980471557,1.6724283546786074,0.9576850245198848,,,
0.5579376785275316,0.27635274727970455,1.1172256742701014,0.4613851980982453,0.3499006492272657,0.5848061331841891,0.42553375336804994,0.5719266166211486,0.8381294022217417,,,
0.5228175206899605,0.29548486055291484,1.7358455417961465,0.3634720555988607,0.9735760682434967,1.0687836227159315,0.4252128682679515,2.111141542934114,1.2630542090371213,,,
0.3845115096033567,0.2019500845505533,1.0351535543733723,0.43776705485873735,0.5395639977436992,0.7864634204890817,0.2528574588775744,1.3951550833630872,0.7036030052981155,,,
0.19217390152763625,0.18494376164103302,0.46934403261604857,0.30551067886836536,0.3777352083180268,0.3697050267256367,0.23998194423612432,0.5434939740908433,0.48835401140932283,,,
0.22920833795450138,0.13179900254878216,0.5651832251367013,0.24269191740923138,0.4376938860172267,0.6251375906451676,0.1687855626517819,1.3376032581020998,0.5216553527306907,,,
0.4712303839380113,0.12967321218509212,1.462379945436549,0.3568860297946713,0.749226466948185,0.9836394347427546,0.4173912939530519,1.5158048258617856,0.8255187263266207,,,
0.3110249079894185,0.1339247929124722,0.9863296580582127,0.39949955250227553,0.6178130313962782,0.6161750445427279,0.21278693200278112,2.145153102607674,0.5632656743614569,,,
0.6312991168488221,0.1764406001862729,1.6505084774804775,0.6717930873126031,0.37930908517785467,0.6901160498878552,0.6102432391122171,0.5341380979656501,0.9059091636394091,,,
0.48086368292463644,0.17006322909520277,1.3197048783923855,0.5499444822940693,0.7336064544357038,0.7909446935403015,0.27836782433540075,1.4306551717545362,1.04479346057543,,,
0.17026425265168982,0.08290582418391136,0.5176178031678341,0.2085296277662891,0.29059062010214076,0.26887638307319034,0.10946192977108195,0.549574786495187,0.2685570507684497,,,
0.4109591313439471,0.2784785376433946,1.3743152700990982,0.3964071270171919,0.5846473010477709,0.8088697857451809,0.22237337436822216,1.57086908617913,0.6231284272063601,,,
0.47138004658690885,0.28485590873446465,2.142779249529008,0.3730075216180163,0.5127704598486597,0.7752602378610322,0.3368892444658546,0.3724373683075738,0.7467246829113182,,,
0.3949225987057514,0.24234010146066398,1.1434384542851128,0.5491966160454299,0.5385412503349711,0.5422340391976005,0.17496260082867696,1.1429102389335486,0.4929447515806406,,,
0.4634072057003616,0.1594342772767526,1.1848679881375086,0.630536926547558,0.6466361662489345,0.7775008743866421,0.26172190976779397,0.9543771391406343,0.7310992807072811,,,
0.26292181838372153,0.09353477600236153,0.6606746380597943,0.38350381791702043,0.4092785863414414,0.4817368530061326,0.12189622739989667,0.9711550871984992,0.4536328273023042,,,
0.6553685324380742,0.12542163145771204,1.2234111064027047,0.3804716956550672,0.5136429042308951,0.6072124984402881,0.21864308507957775,0.6729210476766985,1.0173207481650892,,,
0.5745857871419812,0.2742269569160145,1.6136885318070975,0.7076756565504706,0.5980700281606253,0.9365860677049462,0.28550751781259115,0.8701831429421785,1.0141021554581942,,,
0.6602982423810886,0.31461697382612513,1.4739694114303743,0.6123160537757041,0.6640062811764053,0.7550945091305429,0.9822694020388515,0.6127207436014533,0.9396218865746564,,,
0.045447071070511935,0.029761065091660488,0.11950878354197707,0.07555608087434885,0.07508328703196586,0.10979118975488605,0.04504424592631917,0.16025402002035877,0.06419179864063938,,,
0.27666775882609307,0.08715740491129143,0.6884010806737747,0.40477774192631344,0.45926642541592466,0.48621812605735254,0.1322046612405592,1.2263507788564931,0.46175602698063395,,,
0.5191892787411273,0.2380885207332839,1.6520171415281593,0.5966031379583857,0.9935649920081948,0.8088697857451809,0.1981866599483019,3.1809189498743615,0.9880319634985842,,,
0.30869927550820114,0.08503161454760139,1.063613549644228,0.44919302135569344,0.568741857070065,0.6004905888634584,0.20528624278798,1.3402153312791267,0.5388268456506777,,,
0.3407320031567638,0.14455374473092236,0.9131932605139267,0.2769492392931822,0.4315169551892981,0.526549583518331,0.17977587733015363,0.4993075832070121,0.573058125543351,,,
0.5304767761887359,0.2147048267326935,1.1692921827826432,0.9931245798645296,0.7188876704440608,0.6744315942085857,0.37234704802673274,1.211255026937353,0.8755437798968617,,,
0.3849596150299679,0.17006322909520277,0.830207067399543,0.3670018265239263,0.3396572551687617,0.5243089469927211,0.37375092033966345,0.3837328396818325,0.6919032283692034,,,
0.12569647251597463,0.06164792054701101,0.39664559878416894,0.18653347967467906,0.1928407600779067,0.24198874476587132,0.09197369181571671,0.3510426735022224,0.23307778616876898,,,
0.5299195943798134,0.2572206340064942,1.216497129759301,0.43566646257163355,0.636616044289563,0.7954259665915213,0.3619583929110456,1.6579086095507107,1.0585999299643813,,,
0.2252590455897506,0.10416372782081171,0.6993739697827491,0.36641064604150714,0.2243894995390086,0.360742480623197,0.195178362134879,0.4419636676254059,0.3598126530127433,,,
0.21975094180945393,0.07440266272915122,0.542106432640002,0.3094594325673906,0.27941556099538933,0.3562612075719772,0.10737617662044205,0.7338680268714062,0.348463609605246,,,
0.5300597599383121,0.1891953423684131,1.4093814324246807,0.40787656651034715,0.5676976174856575,1.1247995358561795,0.22016728930504537,1.7074438855124046,0.8581594454304577,,,
0.27102105382717634,0.10203793745712167,0.7249992648296725,0.3410337504562337,0.364469364950577,0.5310308565695508,0.1270303890014718,0.9546881273896325,0.3741424260343649,,,
0.5649163082154998,0.11479267963926187,0.9670444582375705,0.5299162565404077,0.7002022922331513,0.55791849487687,0.34077997630454826,2.105350472529402,0.8974855255399219,,,
0.21203047390763538,0.08715740491129143,0.5616329475211904,0.3127740563150369,0.21176568319490824,0.34953929799514744,0.17981598796766593,0.6154057773048819,0.411626900287888,,,
0.33854630483836884,0.15518269654937253,1.0415679508956717,0.6805591361551634,0.3765876606983734,0.5489559487744303,0.20877586825155056,0.8691305271521975,0.5710332859724538,,,
0.25619291972988195,0.08928319527498146,0.6936451882400796,0.41152018183007516,0.5322073788283241,0.4593304877500335,0.16690036268870354,0.9674473448239338,0.5071517295603665,,,
0.4228023689154756,0.18069218091365297,1.1468719263582337,0.6262745287095303,0.504533112466903,0.5892874062354089,0.4344383148957818,0.5397420660657509,0.6775871916386738,,,
0.25959331824464665,0.08503161454760139,0.6862221539810357,0.453432454890433,0.4256906699100057,0.6318595002219972,0.3085310237446546,0.5054832689203824,0.6393940015870722,,,
0.33010588832146154,0.0914089856386715,0.9547802693826616,0.45626433646001885,0.5583257732480403,0.7819821474378619,0.14929179282080138,1.090052332196985,0.5397447808691443,,,
0.6191551230164277,0.2891074894618447,1.1347050392989322,0.7797882736031334,0.7949884334886471,0.6878754133622453,0.2081340980513537,2.1320976471405753,1.0050588512394176,,,
0.21439097156993323,0.11479267963926187,0.5603689096866158,0.2615055386839908,0.3105765174631393,0.4010739380841756,0.15193909489661356,0.6019741717610859,0.5166501399992337,,,
0.25687734590388095,0.0977863567297416,0.5066300183612366,0.32525345897916486,0.33168160836007615,0.34729866146953753,0.09666663640465646,1.0758224395811309,0.45088251807505736,,,
0.1241823559302812,0.059522130183320976,0.3124459757038579,0.1498710684562382,0.2168635896987269,0.26439511002197047,0.10340522350672379,0.443473004452426,0.236935668530548,,,
0.46902006524830325,0.12542163145771204,0.9286326724811129,0.5220617121624922,0.5656178347479421,0.5220683104671112,0.09650619385460724,1.130936525556249,0.7001656534894654,,,
0.6851050595308744,0.14242795436723232,1.8600018310522284,0.8185720230097693,0.8361816541977791,0.7326881438744437,0.20669011510091068,2.250383514185262,1.0629227546705233,,,
0.5690652868862754,0.11054109891188181,1.5461067366346528,0.4182223252769616,0.6126700224781966,0.5780842236073592,0.21884363826713926,1.3218119475333059,0.8511856484247029,,,
0.20404326509437878,0.07015108200177114,0.6067130397968171,0.3277822251866283,0.41272320323191247,0.4414053955451541,0.09450066197899196,0.9415749493716699,0.4065036185317675,,,
0.3333824780611617,0.11479267963926187,0.6437543556564497,0.21110699481512266,0.3171848886005909,0.5444746757232104,0.17648680505414457,0.29640588873085755,0.6306527852623118,,,
0.5275854145560833,0.1764406001862729,1.7427127904777064,0.497708972174732,0.36484934088248755,0.7304475073488337,0.41610775355265817,0.3852335690803493,0.8196474445855897,,,
0.25767565098611134,0.09353477600236153,0.7250251710574195,0.33856630491283,0.454929602796127,0.49294003563418226,0.08202625371266492,1.1327278514216872,0.40267726115959296,,,
0.33943921533508187,0.12117005073033199,0.8970216487734761,0.42732424753486065,0.5034242756990482,1.053099167036662,0.23597088048489376,0.9243523244053986,0.5618534200728281,,,
0.15367355003913422,0.05314475909225087,0.44780953827577546,0.18397176374205337,0.2021419352278979,0.304726567482949,0.08523510471364937,0.47103680135476717,0.24812954119908176,,,
0.1375859023612462,0.04251580727380069,0.33080374317790534,0.1526639769848141,0.20242485875194216,0.2755982926500201,0.06714520719559955,0.4771333270279155,0.25301874213506065,,,
0.42436903144901916,0.12754742182140208,1.0820985506505987,0.37428412621497603,0.5794063003567131,0.6856347768366353,0.24892661640136846,1.4635027652339565,0.8316894168540927,,,
0.44738139808813454,0.2614722147338743,1.3141899578415344,0.6089245898548254,0.4323573804885867,0.7282068708232239,0.46207454414176036,0.5079979771352336,0.7333008586131415,,,
0.25743214085586613,0.182817971277343,0.9759743931057858,0.39738265731972466,0.35304107761369424,0.5377527661463807,0.24094459953641964,0.7213047979454532,0.44301674410462905,,,
0.52673394655931,0.14030216400354228,1.7854925417159941,0.46054432582083493,0.39206174072839145,0.5736029505561394,0.25678830135378033,0.8505819238345448,0.8098248700770035,,,
0.44888464411446044,0.19982429418686326,0.9672487061014006,0.47090925288302854,0.4514709060576078,0.665469048106146,0.17724890716687838,1.0002531358792301,0.7040902296853738,,,
0.520058843139675,0.244465891824354,1.2121132494099853,0.6892394245548397,0.49224885344170427,0.804388512693961,0.2987841388291643,0.5613820919423351,0.7637921220291738,,,
0.13961347507649333,0.08715740491129143,0.4618830558620922,0.19958717606577547,0.2000030515996579,0.26887638307319034,0.17476204764111544,0.36790895530861234,0.23007685353081236,,,
0.4113420596433975,0.14455374473092236,0.989323696843189,0.4219464331266696,0.42984341034198315,0.48621812605735254,0.1981465493107896,0.8123490721730512,0.6032259330780685,,,
0.4483450349990849,0.15518269654937253,1.0946170387425072,0.4261624401985021,0.6556553487929556,0.5355121296207708,0.3161119342344803,1.5871543845383895,0.8061250825404022,,,
0.5242037521651424,0.2827301183707746,1.2359411855717688,0.38709458193502927,0.6025537945437417,0.8133510587964007,0.11965003169920756,0.4475826674153618,1.0373483065837115,,,
0.49477384270003544,0.16368585800413268,1.171194438500846,0.4713361036088817,0.6924619680236395,0.8290355144756701,0.12755182728913175,2.4082331922906386,0.6973748145479877,,,
0.11483927439571923,0.059522130183320976,0.33411668748128204,0.16138546215270144,0.24401878769252408,0.25095129086831097,0.060286288180995296,0.5339143431855398,0.167905540280271,,,
0.22737412937372337,0.0977863567297416,0.5998757032995953,0.3257115438213308,0.35331380721874356,0.35177993452075734,0.14648404819494,0.6002435743178065,0.3681550685534711,,,
0.44908571602576375,0.1339247929124722,1.3863852179124574,0.7142278924321083,0.803925007956273,0.7147630516695642,0.1552281671726226,2.2827975412716466,0.9177490980299322,,,
0.4614228491018297,0.11904426036664195,1.2713205929578444,0.8093830880922248,0.7942470611059076,0.5444746757232104,0.16429317125040369,1.505853869024246,0.7570495811654042,,,
0.628872486624815,0.2614722147338743,1.2148912600077102,0.4139751159696865,0.3773735939018342,0.6273782271707774,0.45401230600178694,0.6889313285763696,0.9980840876398472,,,
0.5383511033050778,0.20620166527793338,1.6013769342179747,0.5925889455291298,0.6810783511597066,0.8447199701549396,0.2937301985026138,0.47803162536909644,1.01328125738894,,,
0.42566113840318504,0.19344692309579317,0.8398126021835626,0.5301562865261008,0.5301810681755921,0.83351678752689,0.16778279671397425,0.7984796698545845,0.7086386151264144,,,
0.4803917235345714,0.3422522485540956,1.939896906798571,0.40181747370079524,0.514256664656491,0.7304475073488337,0.261200471480134,0.49756741278707,0.7488068611382676,,,
0.42915913237855013,0.13605058327616223,1.04449567503669,0.5310308435862804,0.4497790268132471,0.6184156810683378,0.3719459416516097,1.4144809852277644,0.6886479225233438,,,
0.419170152045533,0.14030216400354228,1.0982869729931783,0.6727518855489181,0.6843161742733052,0.6341001367476071,0.19148818348374685,1.302252285631257,0.6076615180973386,,,
0.37689455145171236,0.2614722147338743,0.9410253238310776,0.8538586292256647,0.7295174763529709,0.7842227839634719,0.42545353209302533,0.505452502006312,0.7859320409822609,,,
0.5214169325228631,0.2253337785511437,1.0958469974852754,0.4745289335396836,0.46832957061932823,0.6878754133622453,0.16597781802592051,0.9828405617257374,0.8642726274607664,,,
0.6419363291770912,0.20620166527793338,1.2562614567749493,0.8265649749979744,0.6991028892196459,0.613934408017118,0.2184425318920162,1.0372339744871117,0.9472951858902122,,,
0.4238256819742921,0.29548486055291484,1.2493452383968693,0.6003081803369621,0.5755398869773616,1.2345907256110658,0.31875923631029246,1.2956098767886013,0.6562083446659734,,,
0.22734137748721292,0.059522130183320976,0.78082862457895,0.34444773132425804,0.3155422187084068,0.7931853300659115,0.19930975779864646,0.9617015636470657,0.39934456012555275,,,
0.3310087621872369,0.08503161454760139,0.7144905313398496,0.41128536570448954,0.4998368641895474,0.665469048106146,0.1344508569412483,1.4701400808119292,0.5600255403860022,,,
0.4180275643308772,0.13179900254878216,0.907255304842944,0.47254214751279655,0.5045967561544885,0.5713623140305294,0.2605988119174494,1.1584990637419434,0.5803619165618282,,,
0.486212180799527,0.27635274727970455,1.2466177721715965,0.7161794347646617,0.5494268695836884,0.5153464008902815,0.5250081343985677,0.5744554406980993,0.8619024019435956,,,
0.5329857852228055,0.19769850382317325,1.7951872890718048,0.5121190043615801,0.7132417775740599,0.9500298868586059,0.3216070915736662,1.245476479870611,0.7051974680556198,,,
0.5947326189607235,0.18069218091365297,1.5197108486036737,0.5948018105149606,0.9267690175734662,0.8223136048988405,0.1616458691745915,0.5793532677330501,0.9631647764555774,,,
0.30920450378227765,0.1721890194588928,0.8299531605502722,0.49307101289184524,0.4899351696094489,0.5848061331841891,0.1435559716565417,1.1612439445679184,0.6147167666456608,,,
0.18463448321680245,0.046767388001180764,0.4875559910322356,0.2507578911190754,0.3377281168759547,0.37642693630246643,0.055753786142104765,0.7681333180621976,0.2937402568246626,,,
0.3806331831268222,0.16793743873151276,0.9859154147339929,0.4731223372524608,0.3475586736658709,0.5332714930951609,0.22722676150721113,0.5218700614553606,0.6517546670172867,,,
0.1653470229114645,0.10203793745712167,0.38665265624006695,0.23176772782313648,0.2284687964338764,0.41899903028905494,0.12049235508696597,0.5642480932351858,0.20384403529181194,,,
0.41727085653682566,0.16793743873151276,1.0639080042306592,0.5956602519247173,0.5045405397431315,0.7730196013354222,0.1873968984574917,0.8585789722253119,0.6099577140293605,,,
0.5427301887708937,0.2635980050975643,2.1689492044312955,0.4974397191390743,0.5037208310606253,0.7080411420927346,0.5577785252461215,1.9153093830551589,0.6822581399996436,,,
0.3208063233736684,0.10628951818450175,0.5941918631375351,0.43278215057780717,0.38971309200693544,0.891773337192748,0.21491279579093334,0.8076909177392017,0.4823359489889676,,,
0.2669553510807485,0.09566056636605157,0.7799180236228725,0.31823095177958616,0.35248185683210803,0.4346834859683244,0.12923647406464858,1.0062439328131685,0.4594465381002669,,,
0.12919941332308632,0.0488931783648708,0.3711383568201593,0.17684895487551797,0.17911563126407584,0.3226516596878284,0.11672195516080926,0.46393054542892476,0.2297559366887313,,,
0.8459719078672101,0.17006322909520277,1.4886072098555372,0.7633844245422359,0.6816382878767061,0.9948426173708043,0.5255295726862278,1.9384457936205017,1.3437580677941667,,,
0.49658180354099124,0.2147048267326935,1.4897606331671576,0.6883600242530802,0.563109818230248,0.6228969541195576,0.3496444271947678,1.3497105295514322,0.7570017101976221,,,
0.396397451251709,0.10841530854819177,0.9386117112474538,0.4291514472147231,0.4809807232280775,0.6341001367476071,0.17560437102887386,1.4103959854772479,0.5254909262689886,,,
0.5124790051443879,0.16793743873151276,1.521209558926124,0.7800121286658867,0.7701962005364292,0.7349287804000536,0.2709072457581119,1.2129118499105156,0.8572474887064854,,,
0.4401406494776523,0.13817637363985227,1.236613315969161,0.4314628486522476,0.32471337368723746,1.006045799998854,0.20219772369953246,0.40077464466022084,0.780085727477139,,,
0.5026011426497576,0.11904426036664195,1.044012763996697,0.40904120874018124,0.5384979276118643,0.6833941403110254,0.3503664186699893,0.8513976539552565,0.876590314224549,,,
0.28897156211443625,0.15093111582199248,0.5424775004139807,0.39150647698309343,0.36273667355828537,0.48845876258296245,0.19690311954790812,0.9643872839696354,0.3298569028612465,,,
0.11183412908506514,0.06589950127439108,0.3095159187882917,0.15638944194825105,0.22051167963766105,0.22630428908660186,0.06469845830734891,0.6035097243981997,0.22568809227254052,,,
0.3415574944157507,0.11691847000295191,1.12856155505716,0.4959843283748854,0.450256763041878,0.7371694169256635,0.21796120424186854,0.8230349912696346,0.5882583877500902,,,
0.60425812894235,0.12117005073033199,1.244699502402627,0.7691474634078967,0.9467264406896094,1.6580710289513403,0.25373989290284515,2.45035633227048,1.2630232430727237,,,
0.19273399738339345,0.08290582418391136,0.5139550782776988,0.2401934897232979,0.2728267743547483,0.26215447349636056,0.09706774277977952,0.5382181303135197,0.313014299428011,,,
0.5518133005033405,0.3911454269189664,2.3428114636329624,0.2979733126094693,0.3301424347010422,0.55791849487687,0.6105641242123157,0.6671227199722227,0.8553589350478839,,,
0.17187978701203388,0.10841530854819177,0.48725779387406354,0.20721771240646322,0.21601168422539962,0.26887638307319034,0.10320467031916226,0.5028540157406846,0.3067776345694734,,,
0.37698538569876594,0.3294975063719554,1.0101386120066342,0.3302123370614508,0.340807499197201,0.4481273051219839,0.5301824066376553,1.1131380350305657,0.601336555202851,,,
0.3622146129175797,0.12967321218509212,1.0366833183062305,0.3552719315146371,0.4161590425766852,0.7282068708232239,0.1336486441910022,0.9971823141969239,0.6002743973214694,,,
0.47467576956641233,0.20620166527793338,1.4623620050295105,0.6096560026429403,0.3929214430187983,0.9253828850768968,0.4092087239005416,0.37401865679475405,0.737014711804002,,,
0.3211206070811417,0.1339247929124722,0.9583741188413882,0.3251430402652838,0.48684529516745007,0.6945973229390751,0.15687270331062714,1.1154932575393288,0.6319449405305042,,,
0.6790078130057783,0.15730848691306257,1.3334087471391924,0.8423552264663965,0.838382469337098,0.8783295180390884,0.27379521165899795,1.4532458286566972,0.9910498339827338,,,
0.09534791905146844,0.04464159763749073,0.21330005467619337,0.1245242043223326,0.13645013833441325,0.194935377728063,0.060727505193630654,0.30767181540512895,0.1741961493009477,,,
0.2523134748033498,0.12117005073033199,0.631661446889116,0.35537228035159174,0.39332498610507144,0.696837959464685,0.2347675613595246,1.1494430753864566,0.5552063931607343,,,
0.44836038980484727,0.19132113273210313,0.995944173159491,0.5008967148240415,0.566010265095395,1.0172489826269036,0.19878831951098647,0.989010005966312,0.7506435940625883,,,
0.2540842276475898,0.13817637363985227,0.8431012425409771,0.34549994374063825,0.49222630827989705,0.5175870374158914,0.15651170757301638,1.3184131555736431,0.41287730718101606,,,
0.4634452629752431,0.19132113273210313,1.427424003177312,0.41049893053173264,0.3810908113862581,0.42796157639149457,0.3753553458401557,0.46073380982488077,0.7705136980497984,,,
0.43682095840781265,0.11479267963926187,1.0408880695381304,0.42418265086160845,0.1752806635435304,0.611693771491508,0.27335399464636256,0.21312064544081824,0.9589996311426666,,,
0.5577212519760645,0.11691847000295191,1.413424045763538,0.747972560250738,0.6370856091735029,1.1516871741634986,0.27917003708564686,1.5559312416448308,0.9498155687211096,,,
0.23775113183835656,0.07440266272915122,0.6353122483874023,0.3762366545963386,0.4040242726427216,0.5982499523378485,0.11190867865933259,0.8572124750799968,0.37161783774410756,,,
0.39756199503227047,0.1594342772767526,1.0822404991889971,0.49730595743143463,0.5278732821742932,1.032933438306173,0.20805387677632908,0.8484237723642206,0.5927395016723955,,,
0.38796981698117156,0.1955727134594832,1.0536502520316569,0.4365171892218712,0.23193620033073686,0.5377527661463807,0.4654037270552817,0.5374407345865017,0.5854332840156034,,,
0.6619929399704709,0.16793743873151276,1.8894941723502947,0.6274412882165443,0.8664489015036058,0.582565496658579,0.20733188530110758,1.560331434601035,0.9585528507472822,,,
0.40449029487774285,0.21683061709638354,1.4018556600635295,0.3813260234203976,0.6576535361109643,0.7237255977720041,0.473185190732669,0.6033531360374808,0.7072369226561962,,,
0.6037278542801334,0.15093111582199248,1.4996001302616162,0.7837178892956725,0.7870526268365381,0.6609877750549262,0.31346463215866815,1.6967662424839,0.9384954690655393,,,
0.5487489017140262,0.34650382928147566,1.4564219741858253,0.7606579740059416,0.392579015855797,1.532595383517185,0.5453041169797944,0.3606673851297149,0.70899192391961,,,
0.4797739413449032,0.15093111582199248,1.1104217763376523,0.27868822376441277,0.43326420847980995,0.860404425834209,0.27395565420904716,0.8067663814210043,1.0260019496799406,,,
0.42940449260873614,0.12754742182140208,1.1713737824869035,0.44318717323165024,0.5660974425825651,0.8962546102439678,0.2800925817484299,1.899941310523417,0.822994938079529,,,
0.6018171604958299,0.2253337785511437,1.7205644958525597,0.4543760580341389,0.4930327699384627,0.5243089469927211,0.39525022204625926,1.1133171368711612,0.9045832568947314,,,
0.6647967670458044,0.14880532545830244,0.806521463682558,0.6749883438507073,0.8074780988322644,0.8424793336293297,0.1924508387840422,0.5774603297390574,1.2102950028021515,,,
0.2442937382068875,0.10841530854819177,0.6764566555118435,0.28437036942917476,0.2283408568906097,0.32713293273904825,0.23388512733425387,0.3240913037801969,0.47279037125403284,,,
0.4570623120517897,0.1339247929124722,1.555103678735924,0.5504262838434805,0.4105246280961013,0.5623997679280898,0.42705795759351756,3.1321192025422016,0.8330977304729998,,,
0.4869952259540439,0.1891953423684131,1.3397719533579158,0.7624126511102365,0.5424942495495877,1.10911508017691,0.23392523797176618,1.3864448859631746,0.7100172403232515,,,
0.13781404124772612,0.0488931783648708,0.42611095609123295,0.21135730065403519,0.18672154796311743,0.2330261986634316,0.06209126686904905,0.4095925735906959,0.21379865991987315,,,
0.5010141916528549,0.21045324600531345,1.4725651325399123,0.6975259348353361,1.1120957832559373,0.8984952467695776,0.25125303337708216,2.7506639707813285,1.0126841583684412,,,
0.5260282339410101,0.16156006764044265,1.5229100086450804,0.7124543648216188,0.4580851166958981,0.6811535037854155,0.32020321926073547,1.7817048404458338,0.7780362284976953,,,
0.52583056067485,0.21683061709638354,1.0789443458444294,0.8778491566620659,0.5452021045485028,1.032933438306173,0.3591105376476719,1.282234975537694,0.7394133792675927,,,
0.5420190338889078,0.11266688927557185,1.6875072384383611,0.7587292816702212,0.8310751870603835,1.0015645269476339,0.4160676429151458,0.8129754514380714,0.817617888375958,,,
0.3850076255756035,0.15093111582199248,1.175384864294379,0.6648416608331704,0.6491836544001479,0.7752602378610322,0.11944947851164603,0.7931845079680876,0.6127836137710825,,,
0.3962477754346038,0.11691847000295191,0.8577664100040786,0.530728331996797,0.4355017546571733,1.4228041937622988,0.12053246572447829,1.1780322255623932,0.5888846067627779,,,
0.49798106534238884,0.11691847000295191,1.0472200015870812,0.5640679480186948,0.48487480354758894,0.6251375906451676,0.18727656654495478,1.2495648717617283,0.7473777731321605,,,
0.5087996866342178,0.19344692309579317,1.2665557641717353,0.3697575402840934,0.3929557425045687,0.6206563175939477,0.14243287380619712,0.7430603132621416,0.7582846808432454,,,
0.3357924406395267,0.13179900254878216,1.0451395269149417,0.46326868790577225,0.5516729404814721,0.55791849487687,0.22076894886772994,0.6684460681436003,0.7322925968674369,,,
0.5221567095512267,0.35713278109992586,1.7591304300113193,0.7726643666766205,0.5392571084744215,0.7394100534512734,0.3552198058089783,1.7737625080540602,0.7849441206001866,,,
0.31220576235255515,0.182817971277343,0.640298746039566,0.44644343344931964,0.28995202933985,0.4951806721597922,0.2543014418280174,0.8576966726277154,0.5196794370133699,,,
0.7153009440922986,0.365635942554686,2.885702930207204,0.34711767195854754,0.49013547616784336,0.665469048106146,0.5564147635707031,0.5466169759808154,0.9999187421099817,,,
0.4376938504832558,0.1955727134594832,1.924006576202015,0.43882841889018565,0.40861944903496844,1.3891946458781501,0.24254902503691186,0.8941927926957297,0.8123883396451288,,,
0.5048392242375036,0.28060432800708457,1.340060234353923,0.47634830023113944,0.49284826497105705,0.5310308565695508,0.22682565513208808,0.5241821339711081,0.6900996197945853,,,
0.23056777202782452,0.12542163145771204,0.6122618924674416,0.38090590100311267,0.3041580218350875,0.4526085781732037,0.3813318308294892,0.4646900167668985,0.3090562204147193,,,
0.17745801596338684,0.12542163145771204,0.41076812290404224,0.4165665778894735,0.18382286649304838,0.42796157639149457,0.2626043437930647,0.3279271840361272,0.22981194435803637,,,
0.24702814654060729,0.2019500845505533,1.2191143961188804,0.2485869682377197,0.4418624869464283,0.4369241224939343,0.23873851447324285,0.9487500062445854,0.29094380365827427,,,
0.32935982468671904,0.11266688927557185,1.0349621484862463,0.5198250857156114,0.4109463401837072,0.5892874062354089,0.26027792681735096,0.5106053111257333,0.43303917723560426,,,
0.36579802916015236,0.1891953423684131,1.1388064325451108,0.6911352539505915,0.7434082864126357,0.6721909576829758,0.32497638512469984,0.92779319123626,0.6642800509874843,,,
0.2591493079721129,0.11266688927557185,0.6418782010838163,0.3967783158317994,0.5385458774382822,0.4481273051219839,0.21856286380455314,0.5505025740038864,0.3522400030033808,,,
0.2444915103303772,0.13605058327616223,0.7587449413305206,0.4348360239858988,0.35223755488238384,0.5489559487744303,0.14993356302099828,0.823666782434324,0.321457142176464,,,
0.448979741634752,0.14880532545830244,1.6218392193272206,0.40809523702536726,0.7078761683192549,0.8267948779500603,0.19032497499589,0.5355480111213972,0.5475103897396345,,,
0.5559611541967803,0.2614722147338743,1.3244031091127482,0.5042990216958173,0.40510981780233885,0.7573351456561527,0.4582640335780913,0.7313809362078115,1.8825463782917284,,,
0.2377488147737095,0.12117005073033199,0.7203858719217989,0.3390460862525424,0.36336586809692156,0.55567785835126,0.15751447351082404,1.2907120925436897,0.2985858433720081,,,
0.4495423077483912,0.08928319527498146,1.1493491425263598,0.545362615936523,0.658687409770229,0.9836394347427546,0.171031758352471,0.8449014766630029,0.652294202448998,,,
0.40209152803970677,0.30186223164398496,1.8743364324300218,0.4274792234295241,0.5165868230771002,0.665469048106146,0.35229172927057995,0.351046713470979,0.4572655449169328,,,
0.16175679036033688,0.09566056636605157,0.5486289053450389,0.2509991896296954,0.21175137250009227,0.32713293273904825,0.15715347777321328,0.4574392646340559,0.22680571819023787,,,
0.6027287231485645,0.15518269654937253,1.6912250572736092,0.6400645630777653,0.5629226080400019,0.6430626828500469,0.25879383322939564,1.4518123384830075,1.1333195574288208,,,
0.3534596565731249,0.18706955200472306,0.9173632818087876,0.5113564200284619,0.4359934603634991,0.49966194521101204,0.3727882650393681,0.9959009798909866,0.6579696755474109,,,
0.49734100644672624,0.14242795436723232,1.3202451348354012,0.5772688206347274,0.5857010752708075,0.6923566864134651,0.34515203579338954,1.4751650053514382,0.9165958526993171,,,
0.6228810118559198,0.20620166527793338,1.2521866173673406,0.4427010505098596,0.6377402818696924,0.7416506899768833,0.3080898067320192,2.4434464616163063,0.8908563058424142,,,
0.5993240213708356,0.28485590873446465,1.950979782382612,0.7799040231888198,0.8020158481952376,1.337660005789122,0.3507274144076,0.6261439919004191,1.103250749480483,,,
0.4923611259889109,0.1764406001862729,1.2796907074880817,0.38388361939828,0.5271636852422263,0.7237255977720041,0.33347984027730865,1.1308183565103975,0.7523025639676806,,,
0.41332472780026375,0.17006322909520277,1.3478665092634354,0.5221648592676311,0.2543168916131139,0.6027312253890683,0.6488296723990551,0.5384803452013203,0.8290552016999553,,,
0.6193246537527846,0.3975227980100365,1.9068901523461907,0.44064544998559335,0.4348158129420139,1.0038051634732439,0.2874328284131818,0.6414293499203277,1.1123081918202693,,,
0.5512680090182366,0.3953970076463465,1.623819139693162,0.4994864196478178,0.5926547489449004,0.8536825162573793,0.19225028559648066,0.7486285087365014,1.0061624043335349,,,
0.49825551709140514,0.2147048267326935,1.0032147279719614,0.8919897758816876,0.3286658304836658,0.6609877750549262,0.9133192161551982,0.6056886340602948,1.028050086321587,,,
0.4957235280108898,0.24234010146066398,1.1458364008211381,0.6376358575409905,0.33402861621004326,0.526549583518331,0.3351243764153132,0.4659559797664456,0.8455003712298047,,,
0.14601311621729363,0.07440266272915122,0.25232434125106923,0.268996814585163,0.1655609859700324,0.2173417429841622,0.1650953840006498,0.32318170219683867,0.2498907728715626,,,
0.2963233255849449,0.10203793745712167,0.8457187244017574,0.42185547230478554,0.26668031085874305,0.4436460320707641,0.15570949482277027,0.29281054948802104,0.4763996110081641,,,
0.49721151817524983,0.1764406001862729,1.2110766815962262,0.4848409800255319,0.5431451788477883,0.55567785835126,0.2204881744051438,1.3235752292297673,0.7661952550318191,,,
0.3133516663575228,0.1466795350946124,0.7512486534076978,0.31737226821660164,0.33876536480141256,0.8716076084622586,0.1809390858180105,0.6549044744503897,0.5214008542836637,,,
0.32993113104316746,0.0914089856386715,0.6673436643619368,0.4540650298035509,0.20648396624884316,0.5131057643646716,0.1944964812971698,0.28369684187347305,0.44421516479704565,,,
0.5713587556530612,0.14880532545830244,1.246602226506657,0.40189737417809207,0.5243364978041712,0.5332714930951609,0.1846693751066549,1.1181813706291726,0.7412251225499011,,,
0.4708075375341995,0.14880532545830244,1.0709606682780841,0.46183941748065216,0.3154912118346239,0.6273782271707774,0.1939349323719975,0.5969004078874979,0.8736131998188701,,,
0.43662987109547835,0.15518269654937253,1.2102464099734878,0.6616634955768667,0.4172735129253204,0.9926019808451942,0.369098086388236,1.7907358976382868,0.6728785941307199,,,
0.40118240014687456,0.1721890194588928,1.0404832736948193,0.3564583989359508,0.6876030860914163,1.050858530511052,0.2835019859369759,0.7073423826820499,0.6123894423557648,,,
0.3806530267232991,0.15093111582199248,1.0383242139375826,0.41334598068394246,0.5832468649067953,0.9029765198207976,0.3157910491343819,1.7038153761504737,0.7177097533576514,,,
0.1802083023466907,0.07440266272915122,0.49855791143237427,0.20353637926141038,0.2892324545784698,0.39435202850734585,0.10500964900721602,0.7422530163073888,0.3965769487767006,,,
0.14855894991172286,0.046767388001180764,0.3985434911611237,0.20914958232592212,0.23040607890718134,0.32489229621343835,0.09490176835411501,0.590430538279699,0.2661585120330786,,,
0.47878693041713144,0.07865424345653128,1.0667864830347358,0.8109451029551121,0.5496349782666178,1.8440438605769636,0.28422397741219735,0.9605281283597891,0.824961061968193,,,
0.5689974752961512,0.1339247929124722,1.8224158152992185,0.7137797745892005,0.8771999233574593,0.7304475073488337,0.23889895702329206,2.4514051796678507,0.8436802756671767,,,
0.4835908657498976,0.12967321218509212,1.5931657090520686,0.44841934918278614,0.5004960539916369,0.7842227839634719,0.12991835490235779,0.262462662711759,0.6737621091534909,,,
0.5423729187702213,0.12542163145771204,1.6304487729852342,0.4848955094989816,0.5719142052427317,0.7125224151439544,0.45329031452656543,0.7196722296478564,0.7909691812815632,,,
0.3575429978467067,0.09566056636605157,1.045557149734943,0.43818379797661866,0.4783692328183166,0.5175870374158914,0.09951449166803016,0.5735697984023561,0.47734916118804915,,,
0.5248627204821125,0.13605058327616223,1.3313600910611736,0.7480667497153031,0.9663039279822064,0.8223136048988405,0.17853244756727216,1.927108437656596,1.3820011226235354,,,
0.47775602610125806,0.11479267963926187,1.368349598193223,0.5283293323508066,0.631299233021675,0.7573351456561527,0.16914655838939266,1.4064719353444202,0.611445507832146,,,
0.6258328664030297,0.3783906847368262,1.2089449286069733,0.7165240394421395,0.6471804517010912,0.9926019808451942,0.24315068459959646,1.2078274329238872,0.983587570611786,,,
0.3787985088431849,0.15518269654937253,0.7114706641468105,0.5334242418080793,0.7059946135746455,0.7282068708232239,0.05579389677961707,1.0123201258500247,0.7417552201522876,,,
0.2687187193129288,0.07440266272915122,0.5840879603018742,0.3162603366468896,0.4622295586489562,0.6296188636963873,0.1056113085699006,0.5309216430646748,0.3826347339764277,,,
