NAME,state,place,cluster_gmm,cluster_kmeans,GMM_p_k0,GMM_p_k1,GMM_p_k2,GMM_p_k3,GMM_p_k4,GMM_p_k5
"Birmingham city, Alabama",1,7000,3,5,1.0831467523777257e-14,1.969845369409551e-05,1.4130991375490813e-16,0.9999803015462944,0.0,7.515708454480628e-107
"Dothan city, Alabama",1,21184,3,5,7.251619394008751e-09,6.585613152566881e-08,6.764791698195547e-23,0.9999999268922499,0.0,1.2796236510822072e-40
"Huntsville city, Alabama",1,37000,1,3,0.0003395879264365075,0.9371370975043952,0.00015102275530313745,0.06237229181386485,0.0,7.56381486244922e-77
"Mobile city, Alabama",1,50000,3,5,1.7653159113308412e-08,2.3830399495297094e-05,7.807009287927328e-16,0.999976151947345,0.0,1.978046272650989e-17
"Montgomery city, Alabama",1,51000,3,5,5.0229958806365035e-09,5.225291605738731e-09,3.1835735302470064e-29,0.9999997570904837,0.0,2.3266122911799606e-07
"Tuscaloosa city, Alabama",1,77256,5,5,2.953088887248459e-16,3.3019912455020625e-18,5.296039128565249e-33,5.09788569560651e-12,0.0,0.9999999999949019
"Anchorage municipality, Alaska",2,3000,2,0,0.0006443352413085753,1.360345844213912e-05,0.9993420613002116,3.7640237749853664e-14,0.0,2.1564525165043334e-193
"Avondale city, Arizona",4,4720,4,4,2.413671325162111e-06,1.3523336194121599e-14,9.235747930218708e-07,1.1180299202149644e-11,0.9999966627426884,1.0672854305057862e-297
"Buckeye city, Arizona",4,7940,4,4,9.254133884019435e-13,2.30007343003834e-56,0.00015390852801658764,4.257537127748822e-43,0.9998460914710582,0.0
"Chandler city, Arizona",4,12000,2,0,0.04722401408462721,9.143582504010531e-05,0.9526845500903331,1.7540724468260165e-18,0.0,1.583197464553983e-136
"Gilbert town, Arizona",4,27400,0,0,0.7818810310561285,1.6313894240698615e-05,0.21810265504962997,4.77881948431279e-30,0.0,0.0
"Glendale city, Arizona",4,27820,0,3,0.9920264605410329,1.966505147049075e-08,0.007968485138385701,5.034655529844573e-06,0.0,1.0276166299756244e-148
"Mesa city, Arizona",4,46000,1,3,0.0028937567543909034,0.9970753240528,8.165841373660336e-06,2.275335143581562e-05,0.0,1.2505119631398657e-122
"Peoria city, Arizona",4,54050,0,4,0.9997597544329725,0.00023446700492087678,5.7785621071633544e-06,2.983188126337933e-17,0.0,4.569574e-317
"Phoenix city, Arizona",4,55000,0,3,0.9987220981959574,0.0011907107721406609,3.2930130251483595e-05,5.42609016507567e-05,0.0,2.1734849695969245e-125
"San Tan Valley CDP, Arizona",4,64210,4,4,1.7651876122194636e-08,4.530177281374974e-32,4.2983812046477365e-06,1.2390397219611162e-36,0.9999956839669195,0.0
"Scottsdale city, Arizona",4,65000,1,2,9.017479017760383e-10,0.9999964819336031,3.517164648875839e-06,4.924267146700651e-16,0.0,3.2791928325531958e-199
"Surprise city, Arizona",4,71510,0,4,0.993163294397911,0.00035324319218064715,0.006483462409909048,8.341774214473319e-27,0.0,4.448287e-317
"Tempe city, Arizona",4,73000,1,2,0.00017509363671277484,0.997785491662511,7.717089056572984e-05,0.001962243810211324,0.0,6.322108145667374e-124
"Tucson city, Arizona",4,77000,3,3,0.0006992215529617426,0.003250479255231459,5.258149773502413e-07,0.9960497733768291,0.0,3.595944884953439e-57
"Yuma city, Arizona",4,85540,3,3,0.0012396952224908381,6.383760238547883e-07,2.11825503758409e-08,0.9987596452189357,0.0,1.047767711157093e-114
"Conway city, Arkansas",5,15190,4,3,5.213016843988777e-07,8.638286017778107e-05,1.1920177441480059e-05,0.0001330991139161915,0.9997680765467805,7.656114602202346e-86
"Fayetteville city, Arkansas",5,23290,4,3,4.5231185904457616e-11,1.5068586674373257e-11,2.67163650774676e-08,6.634881775841385e-08,0.9999999068745175,4.628948488990539e-107
"Fort Smith city, Arkansas",5,24550,4,3,9.562098773243213e-09,4.590267328160792e-12,2.067750228781677e-06,0.00018840166908078943,0.9998095210140014,6.971858635316765e-117
"Jonesboro city, Arkansas",5,35710,4,5,2.4436345773578554e-11,1.03646422671191e-13,1.4029991620987034e-45,0.017657446621873085,0.9823425533535595,2.713609621696707e-14
"Little Rock city, Arkansas",5,41000,3,3,2.5140205913579038e-05,0.0012508332354263557,1.4823013771366825e-11,0.9987240265438377,0.0,4.3981391514803417e-79
"Rogers city, Arkansas",5,60410,4,2,1.855462280502525e-05,7.437128114705687e-09,2.050812417224634e-06,1.9504451495991583e-06,0.9999774366825003,3.704843676434583e-190
"Springdale city, Arkansas",5,66080,4,3,5.693965537746474e-08,2.9521736836554964e-12,7.414437641861466e-54,4.337442219857566e-05,0.9999565686351931,4.774362203712718e-61
"Alameda city, California",6,562,4,0,9.159466200157539e-08,4.1058052445642063e-26,0.4231234588670347,5.4377961656995276e-80,0.5768764495383027,3.5511993344775534e-191
"Alhambra city, California",6,884,4,0,4.256701490498854e-05,6.5475084217021225e-21,7.16467195922865e-08,1.0584208321635328e-17,0.9999573613383758,3.555800179982901e-241
"Anaheim city, California",6,2000,0,1,0.999999954861731,2.5878503809505293e-17,4.5138268562967925e-08,2.6610465115071315e-27,0.0,4.172145849183455e-46
"Antioch city, California",6,2252,0,4,0.9998336135253093,1.1571317266176697e-10,0.00016638635897667757,1.1643588412092894e-24,0.0,6.1819708571531334e-164
"Apple Valley town, California",6,2364,4,4,3.589569658223743e-07,4.657236933723188e-18,0.000868989448254036,4.693630386847077e-10,0.999130651125417,1.5253647347562329e-240
"Arden-Arcade CDP, California",6,2553,4,2,0.0004475779077889058,3.5063854714424675e-06,1.4026078199644643e-09,1.3025199344844105e-07,0.9995085285187082,4.0255533429911564e-05
"Bakersfield city, California",6,3526,0,1,0.9999999874421671,1.1756633469522305e-08,7.279995794355172e-11,7.283992779423962e-10,0.0,3.237082598538311e-47
"Baldwin Park city, California",6,3666,4,1,0.04043304123192804,7.860760624621925e-57,1.3577598995430185e-33,9.782958372912348e-17,0.9595669587680712,2.5162870246430475e-130
"Bellflower city, California",6,4982,4,3,4.159377065227535e-06,1.9489582815961937e-28,0.00014126720681676447,5.422639904436363e-16,0.999854573416117,8.714640648213259e-140
"Berkeley city, California",6,6000,1,2,1.574326663621967e-14,0.9999999964048669,3.557675935497181e-09,3.855066788297507e-26,0.0,3.744095433550517e-11
"Buena Park city, California",6,8786,4,4,0.0008300728228176793,2.6642480744038307e-18,8.970043651539584e-07,1.7473768101729632e-32,0.9991690301728173,7.885419512675579e-31
"Burbank city, California",6,8954,4,2,9.234501300379945e-07,5.8747969250302065e-08,7.427981520081969e-05,6.205018494976899e-13,0.9999247379860796,1.5858197170028467e-42
"Camarillo city, California",6,10046,4,4,4.1975988137534576e-05,2.253262026970364e-12,7.3437923529419e-08,7.866320447636406e-41,0.9999579505716859,1.325517886314415e-161
"Carson city, California",6,11530,4,4,0.0004079755760437302,1.6076572931810647e-24,3.886753975883874e-05,1.0908122666498452e-24,0.9995531568841974,5.677731697319195e-190
"Castro Valley CDP, California",6,11964,4,0,4.431694999143552e-08,9.321764509396748e-37,0.027845110377961484,2.262074638065291e-73,0.9721548453050894,0.0
"Chico city, California",6,13014,5,5,2.747379978480506e-08,1.3617572503762663e-16,1.6297594093808697e-25,6.477858267820336e-09,0.0,0.9999999660483422
"Chino city, California",6,13210,4,4,0.001865090037528895,1.5592317385854055e-16,1.477887380642904e-05,9.747325061856627e-37,0.9981201310886644,3.352114301714524e-57
"Chino Hills city, California",6,13214,4,0,1.0251451552958163e-08,2.532151576418989e-71,0.0275329847321242,5.516301616601284e-63,0.9724670050164248,0.0
"Chula Vista city, California",6,13392,0,4,0.9915512691209576,1.8888213185025237e-11,0.008448730860153821,3.9129195914690887e-29,0.0,2.5266813513198363e-42
"Clovis city, California",6,14218,0,4,0.9470445544209687,1.669980977293586e-05,0.05293874575330862,1.5949311096113237e-11,0.0,4.787836296705088e-60
"Compton city, California",6,15044,0,1,1.0,1.8608317330045754e-33,5.463031828546204e-29,5.664960599615175e-21,0.0,2.1015167327131286e-34
"Concord city, California",6,16000,0,4,0.9998448043042512,7.092866198373284e-07,0.0001544864091286333,3.2520009545618525e-25,0.0,1.4393661571042512e-128
"Corona city, California",6,16350,0,4,0.9925454917580502,1.0562557962264623e-16,0.0074545082419496,7.743987548317076e-24,0.0,1.091054744059598e-166
"Costa Mesa city, California",6,16532,0,0,0.9995584174370512,1.6625952611722255e-13,0.0004415825627830168,8.35047257077767e-29,0.0,9.092109363502368e-206
"Daly City city, California",6,17918,4,0,3.5486057713495263e-09,7.475378893916407e-26,3.2550776045828064e-09,4.857772339246213e-39,0.9999999931963162,0.0
"Davis city, California",6,18100,1,2,7.034203385581542e-36,0.9999999460532202,5.705116352785756e-67,6.644439089270867e-35,5.394678065902653e-08,3.1303848661697163e-70
"Downey city, California",6,19766,4,4,0.00038744809425614015,1.939754112334429e-14,2.5779551780836972e-09,5.905030721665758e-18,0.9996125493277693,1.2867178223984611e-40
"East Los Angeles CDP, California",6,20802,0,1,1.0,3.1536401939053943e-55,5.786197383082235e-54,1.0671218103003645e-28,0.0,1.5747854447249615e-16
"El Cajon city, California",6,21712,0,1,0.9999999824887597,1.7486779491728333e-08,2.446130359249547e-11,4.570154378089411e-17,0.0,8.20668602040811e-18
"Elk Grove city, California",6,22020,0,4,0.9603397372301105,9.873134516013376e-09,0.03966025289675589,6.474302403480993e-46,0.0,1.9138712974910428e-107
"El Monte city, California",6,22230,0,1,1.0,2.39191566546178e-43,3.8336459189070276e-41,6.374399680244219e-23,0.0,2.2103975508179565e-26
"Escondido city, California",6,22804,0,4,0.9999308857247626,6.627172813676685e-15,6.911427523081002e-05,6.021671480482109e-23,0.0,1.2071145729216742e-102
"Fairfield city, California",6,23182,0,4,0.9999984890570995,1.4793661317751906e-06,3.1576768875466603e-08,1.4978920576134086e-23,0.0,2.573278598402328e-85
"Folsom city, California",6,24638,4,0,3.201483837766336e-06,4.648845339953194e-31,0.06255342159680571,4.258576230081301e-60,0.9374433769193566,4.537419270968178e-279
"Fontana city, California",6,24680,0,4,0.999998678377094,2.180314551973075e-30,1.321622905232527e-06,5.797703711261569e-28,0.0,1.0005269562139016e-308
"Fremont city, California",6,26000,2,0,2.331062424032598e-12,3.645744915413875e-55,0.9999999999976685,1.503822391989844e-135,0.0,0.0
"Fresno city, California",6,27000,0,1,0.999957964138405,1.1459684655636136e-07,4.547790077565421e-19,1.3627624272597052e-06,0.0,4.055850232143822e-05
"Fullerton city, California",6,28000,0,4,0.9993185473759173,1.04904319279962e-07,0.0006813477197578346,6.024292667529681e-15,0.0,1.3414879661913452e-37
"Garden Grove city, California",6,29000,0,1,1.0,1.213181723518318e-27,6.545116174102384e-17,6.381564389366694e-23,0.0,1.0374189638095202e-48
"Glendale city, California",6,30000,2,2,0.03916791773309315,9.832347411361875e-11,0.9608320821685837,1.0411330478268715e-16,0.0,7.970696184454774e-19
"Hawthorne city, California",6,32548,4,1,4.2745733064534566e-07,4.131065165129942e-26,5.19676818596961e-10,6.536121779075242e-20,0.9999995719799532,4.304018424400821e-11
"Hayward city, California",6,33000,0,4,0.9999938403051991,7.332000959235237e-13,6.1596940676821676e-06,7.6538809191098e-27,0.0,3.146749740794622e-161
"Hemet city, California",6,33182,4,1,3.1550785491952276e-06,5.126954959429064e-11,2.185694714461747e-08,3.5571805803044086e-10,0.999996822657516,1.5786265996720253e-31
"Hesperia city, California",6,33434,0,1,0.9999998215384752,4.388771889496765e-22,1.518464527286323e-08,1.6327687892551174e-07,0.0,1.4616209756239014e-132
"Huntington Beach city, California",6,36000,2,0,0.11406676683713453,6.053781338206446e-15,0.8859332331628591,6.787029205578182e-36,0.0,1.7521203597862865e-240
"Indio city, California",6,36448,3,3,8.174313029559307e-15,4.6671129154054294e-12,4.51171322368486e-22,0.9999999999953246,0.0,0.0
"Inglewood city, California",6,36546,4,1,0.004190401826219305,1.1428209596261943e-11,6.174634428699594e-12,5.553858219569528e-14,0.99576877303204,4.082512408179257e-05
"Irvine city, California",6,36770,2,0,0.00010002543933535795,5.2048852279172744e-30,0.999899974560664,2.6739085664345536e-81,0.0,2.2790166500257767e-254
"Jurupa Valley city, California",6,37692,0,1,1.0,1.0924036940411309e-24,1.3028504388402983e-16,5.603205905296273e-20,0.0,1.895348838644087e-53
"Lake Elsinore city, California",6,39486,4,4,0.0005342492775454448,1.3280494853498043e-20,0.0011598020953011712,1.2102531769887713e-28,0.9983059486271529,9.580151384872436e-154
"Lakewood city, California",6,39892,4,4,0.0001922757148900243,6.747572533975415e-29,0.002431152815987706,7.553527592111499e-35,0.997376571469122,0.0
"Lancaster city, California",6,40130,0,1,0.9999999992163975,8.363607213002899e-14,7.83518467319349e-10,6.6231931302183826e-21,0.0,2.5322828586505945e-20
"Lodi city, California",6,42202,4,4,1.0436036181923689e-06,3.3933287239035964e-32,1.2292566109642683e-07,1.946357136426187e-13,0.9999988334705261,4.704689616470793e-217
"Long Beach city, California",6,43000,0,2,0.9998952567495082,8.507002598816728e-10,0.00010474239978728593,3.998314862610568e-15,0.0,2.9360678157057195e-44
"Los Angeles city, California",6,44000,0,2,0.9952057652593246,5.728020672756378e-07,2.607044491858024e-06,1.5563923445876346e-15,0.0,0.004791054894114063
"Madera city, California",6,45022,4,1,2.3428553652104452e-08,2.1873902078846453e-77,4.082903203406543e-66,4.347335863612547e-20,0.9999999765714451,1.3434036270420823e-53
"Manteca city, California",6,45484,4,4,2.4947955751026587e-05,2.225364078623206e-40,0.00017315890321809607,1.5594507318576414e-34,0.9998018931410307,0.0
"Menifee city, California",6,46842,4,4,0.0015474382158857226,2.1222215544444712e-15,2.5607282839569352e-05,8.3699170555243e-36,0.9984269545012723,1.1704015518721509e-60
"Merced city, California",6,46898,5,1,0.0002989148606451462,1.9509955127515952e-23,9.339070417058706e-60,1.1734915280956067e-10,0.0,0.9997010850220058
"Milpitas city, California",6,47766,2,0,1.2710002558214398e-17,5.1045747101456805e-102,0.999924211669714,5.581444580948557e-169,7.578833028642038e-05,0.0
"Modesto city, California",6,48354,0,1,0.9999984059976302,1.4255913313559965e-16,1.5932701542792164e-06,7.322158928842009e-10,0.0,1.1318207060281625e-76
"Moreno Valley city, California",6,49270,0,4,0.9999972791124666,3.35892819905758e-23,2.720887532484461e-06,9.566639009855954e-21,0.0,2.655980016444692e-187
"Murrieta city, California",6,50076,0,4,0.9999999999968772,2.516106654403712e-18,3.123542802767991e-12,1.9625574047388708e-39,0.0,0.0
"Napa city, California",6,50258,4,4,2.5179503584586455e-06,4.597327667963382e-22,1.8503740616675316e-07,1.3497743440582783e-43,0.9999972970122357,3.5545662985955784e-253
"Norwalk city, California",6,52526,0,4,0.9999945722728245,7.341277619770826e-28,5.4277271746690716e-06,7.555191417199374e-21,0.0,7.775954950087862e-288
"Oakland city, California",6,53000,0,2,0.998587258999855,0.000360622653689281,0.0010521183464551928,4.684841517927595e-18,0.0,1.0386663962972805e-36
"Oceanside city, California",6,53322,0,4,0.9874899821363572,4.0854655789824935e-13,0.012510017863234078,3.969032244433665e-22,0.0,3.4841845581252075e-205
"Ontario city, California",6,53896,0,4,0.9999999279484503,1.405395716373103e-18,7.205155028972228e-08,3.579335385466263e-19,0.0,8.345321326344901e-159
"Orange city, California",6,53980,0,4,0.9999932542138708,1.7139218884575352e-10,6.7456147366170715e-06,6.113202024773386e-32,0.0,1.5021103435322297e-95
"Oxnard city, California",6,54652,0,1,1.0,1.0086907857838739e-31,4.7898615928754487e-17,5.50957745433131e-27,0.0,5.295667963640056e-128
"Palmdale city, California",6,55156,0,1,0.9999999972896312,2.0020077566432927e-13,2.6886604450466082e-09,2.190026107961796e-16,0.0,2.1508798197618097e-11
"Pasadena city, California",6,56000,2,2,0.0019006415652213975,4.226706712429168e-10,0.998099358012107,8.403148102608041e-23,0.0,1.9245765949208266e-112
"Perris city, California",6,56700,4,4,0.0007604333129793493,2.736625044076559e-33,7.279248290597257e-19,7.1612591896955e-17,0.9992395666870206,1.4929733642550335e-195
"Pittsburg city, California",6,57456,4,1,0.0003418124797171264,1.744786995831112e-15,2.864781446925697e-14,3.679758929460602e-28,0.9996581875202527,4.4659614803694745e-22
"Pleasanton city, California",6,57792,2,0,4.480054028447501e-10,3.0416007874053506e-40,0.985060085567344,2.4101203880114147e-139,0.014939913984650248,0.0
"Pomona city, California",6,58072,0,1,1.0,5.047479561210416e-28,4.759427381946981e-24,3.8015716632887464e-19,0.0,5.616680014432204e-53
"Rancho Cordova city, California",6,59444,0,3,0.9999999972553191,2.7298001456508786e-09,5.603346747136708e-22,1.4881287873639675e-11,0.0,2.6387289018955954e-61
"Rancho Cucamonga city, California",6,59451,0,4,0.9747639393628855,3.349547366076641e-11,0.025236060603618868,1.1406458145922428e-36,0.0,3.19398536020811e-39
"Redding city, California",6,59920,4,3,3.3813910755706438e-09,2.99684583554528e-11,2.117221118290918e-09,1.2982801903653152e-06,0.9999986961912288,1.5696736683658308e-78
"Redlands city, California",6,59962,4,0,7.998345098030962e-05,2.3589293893988458e-24,0.0024267631827523772,5.8142401687516796e-33,0.9974932533662675,9.590151104635187e-170
"Redondo Beach city, California",6,60018,4,0,6.695344745656457e-07,2.5306507269860469e-26,0.2000269280997791,7.390317830433749e-76,0.7999724023657455,8.636023654549917e-292
"Redwood City city, California",6,60102,2,0,1.2743907080977323e-19,1.7213123974107376e-69,0.9999749779492189,1.0649143226784379e-160,2.502205078178331e-05,7.144e-321
"Rialto city, California",6,60466,0,1,0.9999999999936584,5.263111286877675e-22,6.341584169916929e-12,1.8017112387453948e-20,0.0,2.9243895581813406e-33
"Richmond city, California",6,60620,0,4,0.9999999998024771,4.5019708915551784e-15,1.975181783514708e-10,3.631027644412362e-25,0.0,1.3935451158999456e-99
"Riverside city, California",6,62000,0,4,0.9999999992320951,5.037304478441222e-10,2.6416186226496833e-10,1.3043005374953375e-14,0.0,1.962298418295365e-107
"Rocklin city, California",6,62364,4,0,4.8165776239822e-05,5.170800320734229e-14,1.3502008648426398e-06,9.191919717496855e-49,0.9999504840228435,9.721988363355693e-91
"Roseville city, California",6,62938,0,4,0.9813408188573102,8.287985419874505e-06,0.018650893157269633,2.3178553653807745e-29,0.0,7.226986926010456e-136
"Sacramento city, California",6,64000,0,4,0.9998686916971601,2.649709167042625e-06,0.00012865763293982724,9.607325861081988e-10,0.0,1.3675220135959403e-98
"Salinas city, California",6,64224,0,1,1.0,6.702079023770458e-61,3.5017794560190634e-70,2.3955011209286916e-31,0.0,9.801815639363139e-36
"San Bernardino city, California",6,65000,0,1,0.9999655009246832,6.05569800084194e-13,6.143767610939658e-21,2.5950505171000676e-09,0.0,3.449647966084074e-05
"San Buenaventura (Ventura) city, California",6,65042,2,4,0.013850384965894252,6.620188891472391e-17,0.986149615034106,1.540533361133122e-20,0.0,2.793790476143175e-172
"San Diego city, California",6,66000,0,0,0.7164839935366135,6.568045014557093e-08,0.28351594078293707,1.5079144906277679e-24,0.0,4.0099471785444364e-156
"San Francisco city, California",6,67000,2,0,6.452938134822019e-14,1.4713025838286647e-34,0.999999999999936,9.687660441697345e-78,0.0,2.8981150889489874e-228
"San Jose city, California",6,68000,2,0,1.9445633709732776e-06,1.6391097796594818e-39,0.9999980554366299,1.6422988578029414e-85,0.0,4.140494748417857e-253
"San Leandro city, California",6,68084,4,4,0.00022312294463439192,9.366820893914779e-15,1.2967419165110444e-19,6.319802340275348e-23,0.9997768770553558,2.1656182317693178e-52
"San Marcos city, California",6,68196,4,4,1.0471360929922868e-05,2.0191753087033086e-14,9.914924397768126e-07,2.0315711135187582e-39,0.9999885371466104,9.296492045174355e-27
"San Mateo city, California",6,68252,2,0,4.0342726662478916e-14,8.232598760300943e-55,0.996519830593545,7.366140564593664e-129,0.0034801694064148614,2.2721098533455072e-241
"Santa Ana city, California",6,69000,0,1,1.0,1.2342793922945251e-51,4.940557152225989e-32,1.025686717271072e-29,0.0,9.919982851746818e-157
"Santa Barbara city, California",6,69070,4,2,4.0211747636443665e-06,2.554909418188823e-10,2.0316757009140123e-20,1.5088789265425456e-28,0.9999959785697454,3.390254921517961e-51
"Santa Clara city, California",6,69084,2,0,1.2794222624973718e-19,2.9578017410797934e-69,1.0,2.1997013638331377e-162,0.0,0.0
"Santa Clarita city, California",6,69088,2,0,0.021825463246993984,7.547229449325577e-24,0.9781745367530054,1.513287612013885e-47,0.0,0.0
"Santa Maria city, California",6,69196,0,1,0.9999994728094141,4.106721965943657e-43,2.6098823547106382e-95,8.155334538076971e-24,0.0,5.271905853093015e-07
"Santa Monica city, California",6,70000,4,0,3.2303665030765537e-07,3.9015042020120226e-25,0.2885163156212446,3.1523322535700786e-55,0.711483361342105,8.964432244558235e-175
"Santa Rosa city, California",6,70098,0,4,0.9990754184606476,1.2394025819589548e-09,0.0009245802999500649,6.638679271229126e-17,0.0,3.780245431698037e-138
"Simi Valley city, California",6,72016,2,0,0.10332557732990318,2.3868187148898904e-24,0.896674422670097,1.8581627784491432e-57,0.0,0.0
"South Gate city, California",6,73080,4,1,0.02495568663794287,1.7282249324011692e-58,4.4999939874816184e-42,5.054455702515745e-31,0.9750443133620549,1.955105925648371e-15
"Stockton city, California",6,75000,0,1,0.9999999854465874,8.794857439584602e-13,9.215090282844503e-15,1.4552524520933677e-08,0.0,3.3061532368275084e-43
"Sunnyvale city, California",6,77000,2,0,3.900963459332325e-19,1.9007631818541494e-75,0.9999810199756091,2.4199028904849426e-164,1.8980024390876134e-05,0.0
"Temecula city, California",6,78120,4,0,0.00028430100298852716,1.8646155918572028e-30,0.002099514738808338,9.949991283772988e-43,0.9976161842582028,0.0
"Thousand Oaks city, California",6,78582,2,0,0.0001271702626920898,1.707010548438975e-22,0.9998728297373078,4.791335026422761e-71,0.0,0.0
"Torrance city, California",6,80000,2,0,0.060358308208561744,1.6008958466551582e-05,0.9396256828329723,1.3350971954211568e-27,0.0,2.8519235271577667e-120
"Tracy city, California",6,80238,0,4,0.9999998142143992,6.6026973324944065e-24,1.857856014438529e-07,3.421475440505981e-40,0.0,0.0
"Tulare city, California",6,80644,4,1,5.0291354946643046e-08,2.0872131102841823e-36,2.738629141358996e-30,8.08472941754036e-18,0.9999999497086453,1.2830362963376278e-81
"Turlock city, California",6,80812,4,4,0.00012681351144803698,8.272015211145805e-27,1.0650825584589026e-10,3.6865770283000195e-09,0.9998731826954664,2.7935788580726775e-133
"Tustin city, California",6,80854,4,0,0.0022603644247996004,8.335840417845245e-24,0.00010186322582795713,1.7278414847949217e-39,0.9976377723493721,4.394392022917385e-171
"Union City city, California",6,81204,4,0,0.0010870515173161354,1.134408793103575e-25,0.0014045024573640173,1.3401478849691035e-45,0.9975084460253199,8.047159985085761e-162
"Upland city, California",6,81344,4,0,0.0002147538359443571,1.6762587710468958e-16,0.0014124182421914634,4.885181389721623e-21,0.9983728279218639,1.0029900557526177e-167
"Vacaville city, California",6,81554,2,4,0.0038078644432661428,5.893768221765228e-38,0.9961921355567331,1.109944552986129e-41,0.0,1.1107e-320
"Vallejo city, California",6,81666,4,4,0.0019795950142036884,2.927658503454508e-09,2.75545099240597e-06,3.2538610129053e-17,0.9980176371393146,9.467830717240823e-09
"Victorville city, California",6,82590,0,1,0.9999999885711423,1.1428744508462222e-08,2.8412908235836644e-14,4.62602422604607e-16,0.0,8.385280370014367e-14
"Visalia city, California",6,82954,0,4,0.9994816562149953,0.00036314902110515127,0.00015388701600034944,1.3077478990165612e-06,0.0,2.849569430542518e-116
"Vista city, California",6,82996,4,4,0.00041912607299937155,2.1375806817378158e-15,1.8882298069797134e-06,2.594202071699638e-28,0.9995789856971914,2.1125693659103865e-73
"West Covina city, California",6,84200,0,4,0.9962933434034331,1.4886513254062056e-11,0.0037066565816801784,2.4071096432995962e-24,0.0,6.758543278837396e-83
"Westminster city, California",6,84550,4,1,0.007261949766816047,1.0727711315352443e-30,1.189605367303403e-17,7.622566351418913e-22,0.9927380502331842,6.816245959153626e-23
"Whittier city, California",6,85292,4,4,3.042600664826024e-05,7.495089340389678e-26,0.003232001811018074,8.458512704330884e-26,0.9967375721823334,1.0834325226753736e-185
"Yuba City city, California",6,86972,4,3,1.5257637181500557e-05,2.4120693895214063e-21,7.600349779317901e-07,1.1970108776643198e-08,0.9999839703577316,4.5022942659526275e-160
"Arvada city, Colorado",8,3455,2,0,0.0014518477988548007,1.1018557292006552e-05,0.9985371336438537,6.621420268101706e-29,0.0,0.0
"Aurora city, Colorado",8,4000,0,4,0.9999825393254365,1.7458359621791037e-05,1.6858976085306717e-09,6.290448491935002e-10,0.0,3.57000829281747e-138
"Centennial city, Colorado",8,12815,2,0,0.0017199082969261356,1.07469074858029e-08,0.998280080956167,7.536372537217969e-47,0.0,0.0
"Colorado Springs city, Colorado",8,16000,2,4,0.01089820298582239,0.18421137690324066,0.8037159474689196,0.001174472642017546,0.0,6.494440584798586e-143
"Denver city, Colorado",8,20000,1,2,0.0029714691921311114,0.9961583389506858,0.0008695410569312832,6.508002525509629e-07,0.0,8.141726158502495e-103
"Grand Junction city, Colorado",8,31660,4,4,3.4069486668603606e-07,5.322600117327553e-06,4.069477973502756e-08,1.7765444719079233e-06,0.9999925194657643,6.426253490183744e-30
"Greeley city, Colorado",8,32155,0,3,0.9974221594504328,4.633990997670821e-05,3.3578914651519377e-06,0.002528142748125484,0.0,9.823699934226492e-63
"Lakewood city, Colorado",8,43000,1,0,0.018479895823292115,0.9779108896226953,0.003595865150349102,1.3349403662920507e-05,0.0,8.577005032182418e-110
"Longmont city, Colorado",8,45970,4,0,5.108470211435847e-06,4.341837660035777e-07,1.4655683806284723e-05,1.2054710099061009e-08,0.9999797896075059,7.516925046617503e-213
"Pueblo city, Colorado",8,62000,3,3,3.903863456543736e-05,0.001030329349025474,1.623980586953941e-11,0.9989306320001697,0.0,3.004637631491142e-20
"Thornton city, Colorado",8,77290,4,4,0.00023311554117525207,8.620536684537582e-13,0.00020380397827258223,2.80706288251683e-20,0.9995630804796906,5.225787715374094e-108
"Westminster city, Colorado",8,83835,4,0,0.0004947937956741233,2.843876679292796e-14,0.0028326592088642887,1.3104424301468253e-19,0.9966725469954332,2.5642054427567e-310
"Bridgeport city, Connecticut",9,8000,5,1,0.00340789722518255,1.8216164604800805e-05,1.6830817077382175e-10,1.4556777144251947e-08,0.0,0.9965738718851266
"Danbury city, Connecticut",9,18430,4,4,0.0026111315658794744,5.3512755217246285e-08,4.5043480153673625e-05,3.1488903322505583e-10,0.9973437711263227,8.600990297685024e-75
"Hartford city, Connecticut",9,37000,5,5,7.832154783823112e-17,2.6029140742507042e-11,1.4435164063401315e-19,3.4127076889061645e-10,0.0,0.9999999996326991
"New Britain city, Connecticut",9,50370,4,3,7.895014355268815e-12,6.626223749909233e-24,3.557993660523196e-12,2.862874638864153e-06,0.9999971371139083,5.4737300492113715e-149
"New Haven city, Connecticut",9,52000,5,5,6.5277444279455e-13,1.3130049251694211e-17,4.001592508173491e-40,2.2508825194279715e-11,0.0,0.9999999999768381
"Norwalk city, Connecticut",9,55990,4,0,0.0002640373321669925,8.582408346017385e-14,9.78426933677365e-05,6.192863230225973e-24,0.9996381199743796,1.6375735707828691e-124
"Stamford city, Connecticut",9,73000,2,2,0.001455169348038561,2.9582684928787127e-05,0.9985152479670324,8.703997208470046e-36,0.0,2.8927187755962017e-48
"Waterbury city, Connecticut",9,80000,4,5,2.023846402960211e-08,2.5588638699935104e-12,2.0503347242060515e-27,2.1603470251963917e-10,0.999999979542942,1.2576202444773292e-38
"Wilmington city, Delaware",10,77580,4,3,5.153199340628655e-09,1.0807896738324311e-13,9.317780554839077e-13,2.201523392550995e-07,0.9999997746934218,5.245622048351307e-58
"Washington city, District of Columbia",11,50000,1,2,0.009267655464421341,0.9907323106621766,3.387340223168669e-08,6.3276358379006695e-22,0.0,3.7622234725382423e-48
"Boca Raton city, Florida",12,7300,1,2,1.65739319866436e-17,1.0,6.413624359559611e-16,1.1696328002934522e-45,0.0,8.514310420010811e-137
"Boynton Beach city, Florida",12,7875,4,4,9.3996020087268e-23,1.5296021074248879e-06,3.1733130175477194e-26,6.304995282101446e-24,0.999998470397892,2.8157e-320
"Brandon CDP, Florida",12,8150,0,4,0.9409844805147632,0.006266684347201749,0.05274588989270631,2.945245329002019e-06,0.0,1.895110888222507e-30
"Cape Coral city, Florida",12,10275,1,4,4.4621995544679615e-21,0.9999999999999893,1.3295562413483747e-21,1.0461698472068656e-14,0.0,0.0
"Clearwater city, Florida",12,12875,4,2,8.298365045378579e-16,0.003371668815131898,2.5754395986856074e-11,5.073237027865984e-05,0.9965775987888347,6.212434564479326e-75
"Coral Springs city, Florida",12,14400,2,4,0.4607194633211779,4.055876359119888e-06,0.5392764808024624,1.4773294205182279e-18,0.0,1.1280131377869261e-66
"Davie town, Florida",12,16475,4,2,3.633161103597189e-09,0.0011927477737353313,2.114221255620234e-10,3.209006103253937e-20,0.9988072483816814,1.381669799321796e-133
"Daytona Beach city, Florida",12,16525,4,5,6.216750433551454e-24,2.0721704868997358e-22,1.4666840639240632e-15,1.9784336222013314e-07,0.999999802156637,4.0843143251357907e-171
"Deerfield Beach city, Florida",12,16725,4,2,7.526353749611475e-19,0.0017363732130445287,8.225647381440307e-18,4.751576624726057e-13,0.9982636267864807,3.2791894570504e-144
"Delray Beach city, Florida",12,17100,4,2,1.9776538614937204e-20,5.168268316197277e-10,8.358558427976039e-19,6.355833995147025e-19,0.9999999994831725,0.0
"Deltona city, Florida",12,17200,4,4,1.3219845876199253e-07,1.2676200650858237e-08,2.3233380825581583e-10,2.611173604322355e-25,0.9999998548930068,1.099397112318838e-173
"Doral city, Florida",12,17935,4,0,1.036623417597503e-14,1.0125997630614101e-16,1.9710414767934906e-19,2.4887730929691738e-28,0.9999999999999893,5.8378540400896845e-86
"Fort Lauderdale city, Florida",12,24000,1,2,2.233948059439164e-21,0.9999999999980034,5.889819992191534e-21,1.995739348258111e-12,0.0,8.936793790199952e-90
"Fort Myers city, Florida",12,24125,1,5,1.604544993297146e-13,0.999598049746186,3.0643661267047017e-19,0.00040195025364982005,0.0,3.005382534529246e-15
"Hialeah city, Florida",12,30000,0,1,0.999999999944265,1.3103450298512386e-19,1.3596791116912543e-15,4.000815014373625e-12,0.0,5.173106912633857e-11
"Hollywood city, Florida",12,32000,1,2,0.00011588605441423409,0.9998824733500352,5.896418700487012e-09,1.6346991319568564e-06,0.0,6.674277903500448e-80
"Homestead city, Florida",12,32275,4,1,7.710653764755257e-06,8.766494007509915e-20,4.013964182562856e-37,3.815665996048797e-19,0.9999922893462346,1.5256003276988425e-80
"Jacksonville city, Florida",12,35000,1,3,0.13482763982005852,0.796829380409021,0.01819265556459785,0.050150324206322934,0.0,5.782514536043788e-71
"Kendall CDP, Florida",12,36100,4,0,1.672151896509551e-07,4.7189265022322026e-17,0.0014950799632123197,7.044622271189216e-17,0.9985047528215982,0.0
"Kissimmee city, Florida",12,36950,4,3,8.302060921480479e-08,5.200283870497527e-12,2.9771403975637055e-10,2.427285672433284e-10,0.9999999164337473,5.675617668797782e-19
"Lakeland city, Florida",12,38250,1,3,8.790310655951763e-05,0.5528250765539711,0.00034836852508333195,0.44673865181438593,0.0,1.9389513575218645e-58
"Largo city, Florida",12,39425,4,3,1.864334265366962e-29,0.00032698858109149107,3.4678287052131077e-26,6.898212518703453e-07,0.9996723215976566,4.114037872641574e-259
"Lauderhill city, Florida",12,39550,4,1,7.23459872457036e-08,6.827068776133653e-13,3.9336559897224697e-19,2.547045144541697e-21,0.9999999276532021,1.2721492888769732e-13
"Lehigh Acres CDP, Florida",12,39925,4,1,7.949198836203653e-10,1.6385786274067006e-15,2.9363905373504663e-52,2.938474443854283e-17,0.9999999992050785,2.11202714847633e-87
"Melbourne city, Florida",12,43975,1,3,0.012474376368361776,0.9871962386684752,0.00029418512294108963,3.5199840222872824e-05,0.0,1.8966121131986752e-47
"Miami city, Florida",12,45000,1,2,0.0028204035805211316,0.9971795875406945,8.87353862298367e-09,5.240893963253088e-12,0.0,5.538483759202657e-15
"Miami Beach city, Florida",12,45025,1,2,6.304347936227324e-51,0.9999999846862019,2.4189252165452754e-56,5.139329843611805e-18,1.531379969164079e-08,2.2357693935267516e-299
"Miami Gardens city, Florida",12,45060,0,1,0.9997063182197153,1.9614142835854102e-05,0.0002740676374473255,7.260637441151275e-18,0.0,3.8724951270621004e-16
"Miramar city, Florida",12,45975,2,4,2.9914275237708525e-05,7.66757873089136e-05,0.9998934099374526,3.9265447461337043e-22,0.0,1.1450626353655008e-97
"North Port city, Florida",12,49675,4,4,2.94298086379438e-15,8.180893577675417e-18,0.00030962052878447674,7.487881762722446e-27,0.9996903794712122,0.0
"Ocala city, Florida",12,50750,4,5,6.3547033496160445e-09,2.047023525569922e-09,1.426052678923262e-28,5.7283039490174605e-08,0.9999999343152325,1.0075528860634246e-15
"Orlando city, Florida",12,53000,0,2,0.9956457707041177,0.0038857456450199085,0.00038926727060418955,7.921638025846288e-05,0.0,4.443155553836696e-24
"Palm Bay city, Florida",12,54000,0,4,0.9948734515669743,2.9974222848199273e-05,0.00509657421017563,2.4092902023441543e-15,0.0,3.322090207706532e-121
"Palm Coast city, Florida",12,54200,4,4,1.9377950184438728e-10,1.0223610788493519e-07,2.067600639886831e-09,1.754263294984746e-21,0.9999998955025121,5.9235388083494556e-170
"Pembroke Pines city, Florida",12,55775,2,4,8.944880064590577e-06,1.6488085799235903e-09,0.9999910534711267,4.576892807084441e-21,0.0,1.4779366601694594e-254
"Plantation city, Florida",12,57425,4,0,2.8356608565982266e-07,4.304199405178111e-07,6.644662297401745e-09,7.146125147755152e-28,0.9999992793693119,0.0
"Pompano Beach city, Florida",12,58050,1,5,2.9872520152537473e-44,0.9999999952131855,5.365923259540228e-54,4.7868148494631075e-09,0.0,0.0
"Port Orange city, Florida",12,58575,4,4,5.239986105301284e-10,1.048269771257417e-07,1.110557522850415e-06,6.245379646524058e-14,0.9999987840914388,8.428644363332836e-261
"Port St. Lucie city, Florida",12,58715,2,4,5.244444094624578e-07,2.643582096164232e-20,0.9999994755555911,3.631369762390239e-27,0.0,0.0
"Riverview CDP, Florida",12,60950,4,4,1.2844643289726118e-08,1.0008537134242277e-07,1.126793033970522e-15,5.629182043525655e-22,0.9999998870699845,2.210728655620579e-288
"St. Petersburg city, Florida",12,63000,1,2,0.00011744645688870784,0.9998512541005765,2.5892385537130268e-08,3.127355014871267e-05,0.0,1.148005828063521e-180
"Sanford city, Florida",12,63650,4,4,7.916003425697195e-08,1.3781674461743705e-05,0.00019015718568185562,3.3418845816519642e-06,0.9997926400952403,1.5201049975419803e-196
"Spring Hill CDP, Florida",12,68350,2,4,3.9306426853871864e-07,5.979960440302587e-09,0.9999996009555844,1.8642827532267787e-13,0.0,1.478117776287909e-245
"Sunrise city, Florida",12,69700,4,4,2.727154325880629e-06,7.043656363850479e-10,2.0285360299744402e-05,8.929233849774137e-22,0.9999769867810087,6.596067402425067e-279
"Tallahassee city, Florida",12,70600,5,5,1.7147287423689793e-15,5.408563453235084e-10,3.007482775175394e-26,4.617149814305241e-07,0.0,0.9999995377441613
"Tamarac city, Florida",12,70675,4,4,2.006378784321526e-10,1.0833341203976604e-08,1.537421516092911e-09,2.0488479018984998e-31,0.9999999874286002,5.6832649515809165e-148
"Tampa city, Florida",12,71000,1,2,0.0502397011950475,0.9497528274262624,6.381211655641353e-06,1.0901670349036294e-06,0.0,1.892750482883843e-56
"Town 'n' Country CDP, Florida",12,72145,4,4,0.0009032967783650531,8.7488602399262e-06,2.4595286596693286e-06,5.441507274707597e-09,0.9990854893912281,3.11191398634817e-81
"West Palm Beach city, Florida",12,76600,1,2,1.3662185257882735e-05,0.9999480797372285,9.510162950961574e-08,3.8162975884866296e-05,0.0,7.382100579596468e-99
"Albany city, Georgia",13,1052,4,5,2.901860182311102e-25,2.3781767245086323e-10,1.0301833259420567e-41,3.7836730757134703e-08,0.9999999619254493,1.556762127948137e-15
"Athens-Clarke County unified government (balance), Georgia",13,3440,3,5,6.366036953628055e-07,0.2747172710646111,3.7780288561810306e-14,0.7252746580318239,0.0,7.434299831112098e-06
"Atlanta city, Georgia",13,4000,1,2,1.833972740020889e-08,0.9999996822383962,8.475656866723231e-08,2.1466530816330494e-07,0.0,8.401145789106545e-82
"Augusta-Richmond County consolidated government (balance), Georgia",13,4204,3,5,2.1547867972629906e-06,0.002562491918222645,1.862918234660875e-20,0.9974353532949795,0.0,2.638715148759225e-44
"Columbus city, Georgia",13,19000,3,5,2.1352911550202503e-06,0.025233102313808476,1.3336038694161515e-08,0.974764749058998,0.0,4.641865098481134e-30
"Mableton city, Georgia",13,48288,4,4,3.3500274062817224e-08,5.959974833966436e-13,1.4488763162208205e-17,3.3244912403500856e-08,0.9999999332542173,3.67327444356143e-200
"Macon-Bibb County, Georgia",13,49008,3,5,1.8773246704989095e-14,7.335586349574675e-07,3.7399787298074604e-23,0.9999992664413461,0.0,7.025809403103002e-20
"Sandy Springs city, Georgia",13,68516,4,0,1.8727613264767982e-06,0.0010748379090355464,0.0003891208665450684,1.1298180342031741e-13,0.99853416846298,5.494339401005815e-81
"Savannah city, Georgia",13,69000,3,5,6.626031838825891e-12,5.705757918303234e-05,1.170361540177801e-24,0.9999429424141916,0.0,2.269705598390818e-22
"South Fulton city, Georgia",13,72122,4,4,2.1266545076906555e-07,6.52138182589011e-06,4.356620763054218e-11,8.955132500859124e-14,0.9999932659090678,0.0
"Warner Robins city, Georgia",13,80508,4,3,2.3438203262542774e-07,1.4311093246001432e-09,2.8171167375569533e-17,0.0005941946058693612,0.9994055695809889,4.41139462789922e-54
"Urban Honolulu CDP, Hawaii",15,71550,1,2,2.5407177649220218e-06,0.9998520520735618,0.0001082143950413596,3.7192813632748766e-05,0.0,8.520068407730343e-109
"Boise City city, Idaho",16,8830,1,2,0.04433361474349583,0.8933667907595817,0.05932145780178213,0.0029781366951403565,0.0,1.2280613160222758e-24
"Caldwell city, Idaho",16,12250,4,4,5.742742283685161e-07,1.0133879832855065e-29,8.59363958476756e-23,1.1677009410229718e-11,0.9999994257140937,7.082691529619207e-280
"Idaho Falls city, Idaho",16,39700,4,3,6.748143811491296e-08,5.063126523049471e-06,3.5220663776519425e-05,0.0019753616159666264,0.9979842871122953,0.0
"Meridian city, Idaho",16,52120,4,0,4.889799911081295e-06,1.6929403853377e-08,0.00044953033197601933,3.1400909190630446e-13,0.9995455629383947,0.0
"Nampa city, Idaho",16,56260,2,4,0.15563996981920156,1.694812160991389e-10,0.8439042595910586,0.00045577042025922085,0.0,0.0
"Aurora city, Illinois",17,3012,0,4,0.9998722506229795,1.227660089636291e-12,2.3462926185070267e-06,0.000125403083174527,0.0,1.3669512598618788e-299
"Bloomington city, Illinois",17,6613,4,3,3.750223170108356e-08,4.896325256646199e-05,1.0216062505237254e-07,0.001993608939961699,0.9979572881446149,1.1514242534179416e-138
"Bolingbrook village, Illinois",17,7133,4,4,9.844652800289617e-08,4.17391113062489e-15,2.411867898239153e-11,3.25229993974852e-20,0.9999999015293493,5.134392259021939e-295
"Champaign city, Illinois",17,12385,4,2,1.556379800568255e-16,8.351980323729876e-16,4.986899001935731e-34,6.136796640991002e-06,0.9999938632009426,2.4155334920508944e-12
"Chicago city, Illinois",17,14000,1,2,0.020024748540477554,0.9795949245854787,5.4462705226756015e-05,0.0003258641688167093,0.0,1.789727602573255e-31
"Cicero town, Illinois",17,14351,4,1,5.75991327656299e-06,3.219753721429249e-36,2.951588973791616e-39,9.703694376942473e-23,0.999994240086722,2.101659374183203e-15
"Decatur city, Illinois",17,18823,4,5,1.889140610797896e-20,6.274273147800462e-29,9.106654580363114e-67,0.0001921943466481927,0.9998078056533523,4.085914729407094e-64
"Elgin city, Illinois",17,23074,0,4,0.9996235958073932,1.0845474942072872e-13,0.0003764038916858049,3.0081248981769063e-10,0.0,9.84266703603004e-233
"Joliet city, Illinois",17,38570,2,4,2.838700564771524e-05,5.898728730174073e-21,0.9999716129943527,7.778959571249267e-21,0.0,1.1895926585714339e-73
"Naperville city, Illinois",17,51622,2,0,4.870947149888968e-12,1.3990612577335032e-09,0.999999998596067,2.32131570051059e-66,0.0,1.3152581953542035e-189
"Peoria city, Illinois",17,59000,3,3,1.744728617896815e-05,2.6548910131854744e-07,8.913080412044317e-25,0.9999822872247192,0.0,1.3708246083473115e-35
"Rockford city, Illinois",17,65000,3,5,0.00010082051297660847,0.0001807490367218685,4.546944137003862e-15,0.9997178705672087,0.0,5.598830878521233e-07
"Schaumburg village, Illinois",17,68003,4,0,1.6373189821423e-05,6.873798384681184e-08,0.0005297788992221282,3.249109934053563e-12,0.9994537791697234,0.0
"Skokie village, Illinois",17,70122,4,4,6.265746770973071e-11,4.8311791264040886e-17,1.2573325086444285e-19,1.9017536046566857e-19,0.9999999999373408,8.076490311006794e-16
"Springfield city, Illinois",17,72000,3,2,6.008656760420517e-05,0.0005390242161014431,4.073341027051019e-06,0.9993968158752666,0.0,3.1414380969233166e-27
"Waukegan city, Illinois",17,79293,4,1,0.001408881205907593,2.189087852380081e-26,7.98535795543126e-25,7.740479187107824e-13,0.9985911187933187,1.1126288114673187e-43
"Bloomington city, Indiana",18,5860,4,5,1.1520603144700797e-09,9.913244751539232e-08,5.923064600858133e-31,1.1187063240443088e-05,0.9999887126522509,1.6512284491262692e-141
"Carmel city, Indiana",18,10342,4,0,1.3002401551853826e-12,2.8118537478108577e-12,0.013842362572228336,1.818218871929465e-57,0.9861576374236597,1.5167168214996504e-242
"Evansville city, Indiana",18,22000,3,3,0.001099198721488522,0.0861492346949869,1.370156464689305e-07,0.912751429567878,0.0,1.8692350092123295e-38
"Fort Wayne city, Indiana",18,25000,3,3,0.0031814525084045476,0.0006920435487227008,5.679902815280333e-06,0.9961208240400574,0.0,1.2670417726920453e-87
"Greenwood city, Indiana",18,29898,4,4,1.9337658601186416e-05,3.4754394839402516e-09,1.940297907195873e-07,0.00035507506974521004,0.9996253897664232,7.390384280053985e-224
"Hammond city, Indiana",18,31000,3,3,0.0024848857455694612,1.3768504266100279e-12,4.657178224534422e-10,0.997515113787336,0.0,1.8032461046199898e-179
"Indianapolis city (balance), Indiana",18,36003,3,3,0.002110445950133279,4.213815105080889e-05,1.0301917363211142e-15,0.9978474158988151,0.0,5.806340896584478e-34
"Lafayette city, Indiana",18,40788,4,3,1.4474263915718258e-11,5.457890248075533e-09,5.406280752226653e-43,0.00254592275319322,0.9974540717744431,8.247953126155337e-22
"Muncie city, Indiana",18,51876,4,5,1.5678548463094526e-22,1.0119149602943676e-21,1.039293491206577e-40,0.0015067616736503008,0.9984932383263501,5.624174545103505e-31
"South Bend city, Indiana",18,71000,3,5,7.115690488400078e-07,7.967284409356195e-08,4.1741931375356494e-21,0.9999992087581071,0.0,4.6254457561013446e-157
"Cedar Rapids city, Iowa",19,12000,3,3,0.0005989362872329915,0.0024597641610370593,0.028775918566572706,0.9681653809851574,0.0,5.33177272208071e-132
"Davenport city, Iowa",19,19000,3,3,0.0012378108081274538,0.016408818650123294,4.868339191346797e-06,0.9823485022025571,0.0,1.9121992665871074e-22
"Des Moines city, Iowa",19,21000,3,3,0.006252792689914347,4.0573610106567093e-05,1.9621119786058147e-13,0.9937066336997821,0.0,8.873688107067442e-134
"Iowa City city, Iowa",19,38595,4,2,7.000731235304812e-21,2.968416857520024e-07,2.2583172447428834e-41,8.60885559818187e-06,0.9999910943027152,1.4302789355438056e-24
"Sioux City city, Iowa",19,73335,4,3,3.789939289002235e-07,4.325133405490091e-13,4.1963853635322606e-19,3.6882806772103325e-08,0.9999995841228321,2.721998266533966e-21
"Waterloo city, Iowa",19,82425,4,3,1.0566054876420682e-06,8.188642763543758e-09,2.0893041870713203e-17,5.002671646878059e-05,0.9999489084894011,1.0313799170864995e-20
"Kansas City city, Kansas",20,36000,0,3,0.9955450396473392,2.8979093369748146e-10,3.1397347449105344e-14,0.004454960062839257,0.0,2.341685619736957e-177
"Lawrence city, Kansas",20,38900,4,2,9.256181342561014e-11,0.001074287026005002,2.7608434030446395e-17,5.229583871535404e-06,0.9989204832975611,1.0649201658248361e-30
"Olathe city, Kansas",20,52575,4,0,9.43729241060795e-11,6.302022188346919e-15,2.8987827580499633e-08,1.1199825318076425e-19,0.9999999709177936,0.0
"Overland Park city, Kansas",20,53775,1,0,7.032337519023918e-06,0.9934632863628098,0.006529670534180328,1.0765490434102198e-08,0.0,5.694960104894901e-110
"Topeka city, Kansas",20,71000,3,3,7.831525934240798e-06,0.0018218982930323633,2.402972978700088e-08,0.9981702461513033,0.0,3.5550187602922813e-90
"Wichita city, Kansas",20,79000,3,3,0.003492158499443319,0.0007962913894496961,3.354465628319708e-07,0.9957112146645442,0.0,9.719656252141341e-88
"Bowling Green city, Kentucky",21,8902,4,5,1.1207661835310352e-07,7.818128500403327e-11,1.2302783637480203e-23,9.550582389474788e-09,0.9999998778316413,4.629766350743952e-10
"Lexington-Fayette urban county, Kentucky",21,46027,3,2,0.0001935741075291735,6.289507065754152e-07,0.0003465178424261678,0.9994592790993388,0.0,4.019349040117697e-23
"Louisville/Jefferson County metro government (balance), Kentucky",21,48006,3,3,0.0012885383586178235,0.002528019924918203,5.405037902817524e-06,0.9961780366785611,0.0,1.0351229345428828e-51
"Baton Rouge city, Louisiana",22,5000,3,5,6.060678212237649e-17,2.104285322103718e-13,3.089258172283112e-30,0.9999999999997904,0.0,5.478880456746961e-29
"Lafayette city, Louisiana",22,40735,3,5,1.5973040768983787e-06,1.7055561270678799e-07,9.04332300529774e-18,0.9974236543809586,0.0,0.00257457775935202
"Lake Charles city, Louisiana",22,41155,4,5,2.317945372659628e-20,1.2909737846124107e-12,5.648719285645905e-39,0.011139698594290004,0.9888603013998569,4.5621482298335395e-12
"Metairie CDP, Louisiana",22,50115,4,3,1.2615913236983215e-09,8.042907162872922e-14,4.3009365983687085e-51,0.010001958750529444,0.9899980399877988,6.52503311615177e-31
"New Orleans city, Louisiana",22,55000,3,5,1.0000273125614139e-16,8.921302909563955e-05,1.5386212892772495e-20,0.9999107869709036,0.0,1.866902423367493e-25
"Shreveport city, Louisiana",22,70000,3,5,1.2993438253570206e-10,1.521492261057754e-08,1.4821893297330296e-21,0.9999999846551432,0.0,2.196949673418767e-47
"Baltimore city, Maryland",24,4000,3,2,0.003391287129950065,0.09100136109812067,2.68295026522822e-08,0.9056073249424262,0.0,3.645352023886743e-43
"Frederick city, Maryland",24,30325,4,0,6.012163449415356e-05,1.670139458955571e-13,1.06269520819301e-06,3.5863168750898245e-15,0.9999388156701269,1.023e-321
"Gaithersburg city, Maryland",24,31175,4,0,5.42829171231629e-06,3.6270866235235316e-18,8.534590901059915e-10,3.3473839512060513e-32,0.9999945708548287,7.484732376258247e-203
"Glen Burnie CDP, Maryland",24,32650,4,4,0.0004312428957871003,7.44152088639534e-09,0.007481838911761955,8.854846657919094e-08,0.9920868222024635,5.010441486972018e-177
"Rockville city, Maryland",24,67675,4,0,1.6041041243806702e-09,2.906068048418965e-15,6.664546604303309e-11,2.5807409674026637e-55,0.9999999983292476,1.2833218226084792e-221
"Boston city, Massachusetts",25,7000,0,2,0.9999907791509864,1.420782138620426e-07,9.078770798891352e-06,4.916542447582685e-19,0.0,8.153087866251181e-66
"Brockton city, Massachusetts",25,9000,0,1,0.999994868129539,6.07279642357146e-09,5.121656377301308e-06,4.1412880739711355e-09,0.0,6.460779439875937e-58
"Fall River city, Massachusetts",25,23000,4,1,2.5842408040801642e-08,9.134509879975083e-19,4.776296457649104e-10,1.688646090261648e-16,0.9999999680947523,5.585210537230609e-09
"Framingham city, Massachusetts",25,24960,4,0,0.0008035529612922341,9.585469425724833e-11,2.149321006806758e-09,7.260095736370358e-22,0.9991964447935323,1.5983213921959056e-176
"Lawrence city, Massachusetts",25,34550,4,1,4.6671722982865444e-05,7.309723917623556e-38,8.095711534180538e-29,1.4397238317559236e-29,0.9999533282770174,8.844267892663933e-28
"Lowell city, Massachusetts",25,37000,0,1,0.9999786126172591,2.1387324169220286e-05,1.1821958010215434e-22,5.857172061022162e-11,0.0,1.6709372943235028e-16
"Lynn city, Massachusetts",25,37490,0,1,0.999957824042081,1.8610753233832442e-09,2.4156889214809044e-21,3.063960644804841e-15,0.0,4.2174096841376525e-05
"Malden city, Massachusetts",25,37875,4,0,4.2251586332312054e-05,3.7271842612425065e-30,2.4486319532688175e-09,1.085679940150511e-30,0.9999577459650358,0.0
"New Bedford city, Massachusetts",25,45000,5,5,8.541480885954389e-07,9.39164056827354e-16,1.0793538794684782e-54,7.858162551825304e-07,0.0,0.9999983600356561
"Quincy city, Massachusetts",25,55745,4,0,1.700387263097697e-05,4.407476839124724e-22,4.146327316263286e-08,1.5768333966150554e-18,0.9999829546640957,0.0
"Somerville city, Massachusetts",25,62535,4,0,4.555813380124971e-08,3.457152186779527e-33,0.0003828275403654511,2.5916581456817832e-64,0.9996171269015002,0.0
"Springfield city, Massachusetts",25,67000,3,5,0.00012130307784424928,2.003233000913072e-07,1.2920949010888388e-38,0.9998784859304292,0.0,1.0668426249084234e-08
"Worcester city, Massachusetts",25,82000,5,5,0.01166755550324308,8.478873938004156e-05,7.10548423404827e-19,5.231175569956463e-05,0.0,0.9881953440016773
"Dearborn city, Michigan",26,21000,4,5,1.715017484680848e-10,3.8082059622395163e-14,4.402915945073623e-59,1.859486227045439e-12,0.9999999998266009,7.6626882174776e-83
"Detroit city, Michigan",26,22000,3,5,8.056230273521995e-30,1.1147170589801407e-21,1.415594609236131e-74,1.0,0.0,1.9666803875055329e-25
"Farmington Hills city, Michigan",26,27440,4,0,5.281651214942943e-11,5.252472351186958e-11,2.053999258482126e-17,1.4640534051090475e-17,0.9999999998946585,1.4230722725316356e-55
"Flint city, Michigan",26,29000,4,5,1.6956739545217435e-37,5.714365272865073e-35,1.0933722676469657e-63,0.00010460553080587888,0.9998953944691942,1.4269889628296391e-108
"Grand Rapids city, Michigan",26,34000,3,3,0.002722964073500421,0.1622758494991569,1.2156925878873933e-05,0.8349890295014633,0.0,4.675681463050949e-152
"Kalamazoo city, Michigan",26,42160,4,3,6.499680735145622e-08,4.647849539739783e-08,5.1188542619808053e-11,0.00017084170917195518,0.999829046764337,1.6978880067762267e-36
"Lansing city, Michigan",26,46000,3,3,2.6095421662192845e-07,7.171378079923424e-11,1.5706192798659296e-54,0.9999997389706369,0.0,3.433580359084379e-12
"Livonia city, Michigan",26,49000,2,4,0.0013514578149257397,2.454111592019359e-05,0.9986240009956228,7.353122972417484e-11,0.0,3.0303980421006586e-193
"Southfield city, Michigan",26,74900,4,3,7.206875226200949e-11,1.7303200420612235e-05,0.0003432884566571898,0.0003106626441935729,0.99932874562666,5.042874308059664e-159
"Sterling Heights city, Michigan",26,76460,0,4,0.9994208727647267,7.736298023556122e-06,1.815033661618717e-05,0.0005532406006332256,0.0,3.1200034058835853e-83
"Troy city, Michigan",26,80700,4,0,1.6657725156429076e-09,1.2806380366071607e-09,2.2373473785600708e-06,1.555764553450086e-22,0.9999977597062107,0.0
"Warren city, Michigan",26,84000,5,1,0.0023645864517487475,1.960150003575098e-13,4.353668018210453e-19,4.052644738801027e-08,0.0,0.9976353730216078
"Westland city, Michigan",26,86000,4,3,7.282248500336472e-11,6.974266483918179e-08,5.335501766928808e-30,0.006078747304171467,0.993921182880341,9.532107254762574e-132
"Wyoming city, Michigan",26,88940,4,4,4.1367767527734433e-08,8.605888053981465e-10,1.6237957162400086e-06,1.2299643670461429e-05,0.9999860343322566,1.2014240486769276e-206
"Bloomington city, Minnesota",27,6616,4,0,3.982005614532349e-06,1.3691259918803699e-05,0.00044274206213398306,7.054523028951199e-06,0.9995325301493037,7.40421995769317e-217
"Duluth city, Minnesota",27,17000,3,3,0.00016700322340149615,2.5473496692005194e-05,1.8531694133895258e-10,0.9998075230945901,0.0,4.773339580898437e-34
"Minneapolis city, Minnesota",27,43000,1,2,0.00035701156224930393,0.9495883159538682,0.0005464507819963666,0.04950822170188667,0.0,5.342144197953196e-83
"Rochester city, Minnesota",27,54880,4,0,2.507656986793874e-05,0.0002892451738601504,0.0004387400946813909,0.00015233919666980225,0.9990945989649205,1.5847682517087784e-185
"St. Cloud city, Minnesota",27,56896,4,3,2.895838007981621e-09,3.458297409483866e-08,7.791676892891683e-21,8.682202060610336e-05,0.9999131405005819,1.6939038190728738e-42
"St. Paul city, Minnesota",27,58000,3,3,0.0012803794284434603,0.09453894592883508,7.2914655339197306e-09,0.9041806673512559,0.0,1.5773919789355356e-31
"Gulfport city, Mississippi",28,29700,3,5,3.560538805257264e-11,4.0950731970033947e-10,4.9980388837888007e-36,0.9999999911732971,0.0,8.381590617275805e-09
"Jackson city, Mississippi",28,36000,3,5,5.956042666828412e-15,1.2402672336652806e-14,7.0302620405508e-49,0.9999999999993605,0.0,6.216387228076679e-13
"Columbia city, Missouri",29,15670,1,2,1.3907356888409626e-07,0.9999566645759397,1.9190545131998175e-07,4.3004445040593127e-05,0.0,5.646756657077267e-58
"Independence city, Missouri",29,35000,3,3,0.00016589049738294405,0.0016275146267269837,1.2854509870256573e-08,0.9982065820213802,0.0,2.9508267349708356e-40
"Kansas City city, Missouri",29,38000,3,3,0.0030459660797432174,4.221357134458135e-05,1.3644118845695415e-12,0.9969118203475481,0.0,2.8394720911495507e-26
"Lee's Summit city, Missouri",29,41348,4,0,2.0019636834061805e-08,2.7612820206324e-06,0.00035700475154808604,2.754529649918302e-12,0.9996402139440402,2.7114493828449188e-157
"O'Fallon city, Missouri",29,54074,4,4,3.1335339556278136e-08,2.801265794821082e-16,7.146253067336487e-05,4.635722381372633e-25,0.9999285061339871,4.114266519209095e-253
"St. Charles city, Missouri",29,64082,4,3,2.223577313481427e-05,8.365364160307558e-05,1.1184875577938544e-05,5.5456850480565434e-05,0.9998274688592036,3.883719397970556e-120
"St. Joseph city, Missouri",29,64550,3,3,2.9889467819836947e-12,2.9481325520146076e-06,6.394205727381428e-06,0.9999906576587316,0.0,3.378963890446877e-163
"St. Louis city, Missouri",29,65000,3,5,5.40568313420708e-07,3.2827833285525516e-07,3.297438414791402e-23,0.9999990529326944,0.0,7.822065891594622e-08
"Springfield city, Missouri",29,70000,1,3,4.1727860104723875e-05,0.8618637433135473,3.9958431643861964e-06,0.13809053298318283,0.0,4.5476897947603964e-101
"Billings city, Montana",30,6550,3,3,0.008429403815914626,0.0002030688281544543,1.300056498521338e-07,0.9913673973502817,0.0,9.105228580202341e-46
"Missoula city, Montana",30,50200,2,2,2.319435718491656e-07,0.00027066662014133095,0.9991657422878046,0.0005633591484823362,0.0,2.3320128731335332e-53
"Lincoln city, Nebraska",31,28000,3,3,0.00016517575346563094,0.12961480313768203,0.0008339681643373517,0.8693860529445154,0.0,1.1575049857711029e-103
"Omaha city, Nebraska",31,37000,3,3,0.00636215388613718,0.010211245648919752,2.031791299077189e-07,0.9834263972858128,0.0,3.453661039080063e-63
"Enterprise CDP, Nevada",32,23770,0,4,0.9965028063301967,3.404715751685897e-08,0.0034971596226460776,1.503276857646144e-20,0.0,2.204656987790822e-299
"Henderson city, Nevada",32,31900,0,4,0.9084229421131865,0.08573259817477091,0.005844459708739205,3.302597920615741e-12,0.0,6.737768503595151e-69
"Las Vegas city, Nevada",32,40000,0,3,0.7339503730108246,0.26561230276942227,0.00042228092246871315,1.5043297284487015e-05,0.0,9.094689473048706e-30
"North Las Vegas city, Nevada",32,51800,0,4,0.9999999999989733,7.412211692577355e-13,3.4826687457941624e-14,2.5091144269250206e-13,0.0,2.269255926964064e-166
"Paradise CDP, Nevada",32,54600,1,5,1.3239767511046853e-08,0.9962579107605984,9.334986312244081e-20,0.0037420523910253215,0.0,2.360860864771186e-08
"Reno city, Nevada",32,60600,1,2,0.4182140255284625,0.5815577079707016,0.00010672541075683267,0.00012154109007869024,0.0,1.8249097042120424e-127
"Sparks city, Nevada",32,68400,0,4,0.9998959595794841,1.224281803009778e-05,9.17823524289968e-05,1.5250055920607353e-08,0.0,3.3224484972684066e-43
"Spring Valley CDP, Nevada",32,68585,0,4,0.9953840155972272,0.00018407520189470412,0.004407002953483021,2.49062473947157e-05,0.0,6.469879004061167e-43
"Sunrise Manor CDP, Nevada",32,71400,0,1,0.9999509228135793,1.298368098379357e-07,1.2817596709416735e-32,4.894384260744754e-05,0.0,3.5070030868160858e-09
"Manchester city, New Hampshire",33,45140,2,4,0.3656697177730994,3.01978279604799e-05,0.6342976497971518,2.4346017880282995e-06,0.0,2.892871437040993e-101
"Nashua city, New Hampshire",33,50260,4,0,0.00011824467854063178,1.786072970928148e-15,0.00014569293476874936,5.335485357358689e-13,0.9997360623861553,4.6107069759444374e-148
"Bayonne city, New Jersey",34,3580,4,3,8.023872403063624e-08,3.5365124306185745e-18,2.043223279094409e-09,8.002689274839655e-19,0.9999999177180523,7.329691724038349e-65
"Camden city, New Jersey",34,10000,5,5,3.460468615100268e-20,1.060726532670584e-46,1.443898254224635e-72,2.9083813014329604e-20,0.0,1.0
"Clifton city, New Jersey",34,13690,1,4,0.012920279568191384,0.987071346677572,3.528992179713822e-06,4.844762056459508e-06,0.0,1.7363574382390475e-20
"East Orange city, New Jersey",34,19390,4,3,8.499467048046967e-07,1.3436154571589729e-14,2.0908957889444612e-15,1.1849903999960269e-12,0.9999991500520947,1.4096912252756254e-22
"Elizabeth city, New Jersey",34,21000,5,1,4.578063863272692e-12,5.750877092346344e-27,1.724940658363185e-85,2.7431127139824198e-21,0.0,0.9999999999954223
"Jersey City city, New Jersey",34,36000,2,2,0.00022846013282521176,8.548932522146505e-24,0.999771539867174,1.0545963930945505e-28,0.0,3.08317705565816e-119
"Newark city, New Jersey",34,51000,5,5,7.657202039243716e-07,1.4762133589823316e-11,1.246866165247077e-27,7.406070425833064e-15,0.0,0.9999992342650269
"Passaic city, New Jersey",34,56550,4,1,0.0005147058045789336,2.0295217400017073e-18,3.539388961323002e-37,3.6967458601051015e-23,0.9994852941954208,2.171940815773058e-58
"Paterson city, New Jersey",34,57000,0,1,0.9999999698011668,3.01988333595792e-08,3.268589362909639e-23,3.953572956303201e-18,0.0,2.9385581043960502e-31
"Toms River CDP, New Jersey",34,73110,4,4,3.53748810234401e-07,5.416966799813543e-11,5.234790397592099e-07,4.941368808243134e-17,0.9999991227179799,0.0
"Trenton city, New Jersey",34,74000,4,1,6.911691592655109e-06,6.284747584481303e-38,3.1005438935898806e-36,4.309467613209468e-16,0.9999930883084068,2.6763744041161087e-34
"Union City city, New Jersey",34,74630,4,1,1.250032123909764e-06,1.1113062789577373e-23,1.2505570755393048e-32,7.336430865336509e-24,0.9999987499678756,1.5818497963735899e-19
"Albuquerque city, New Mexico",35,2000,3,3,0.0015192975699516824,0.05823441824604178,2.146137343480385e-08,0.940246262722633,0.0,6.788016963328812e-33
"Las Cruces city, New Mexico",35,39380,3,3,7.68452775036895e-07,2.0831816821637266e-05,2.1692702044451395e-15,0.9999783997304006,0.0,1.2609940034699223e-50
"Rio Rancho city, New Mexico",35,63460,4,4,4.315404130213287e-07,6.541728440662046e-09,6.0078126008804204e-05,1.6436159893531805e-14,0.9999394837918336,5.708255912751114e-308
"Santa Fe city, New Mexico",35,70500,4,2,1.4233684256928913e-08,1.948800324331035e-07,1.4936749476883964e-07,6.5133941399964896e-06,0.9999931281246487,4.125096558304199e-139
"Albany city, New York",36,1000,4,2,2.4545039740002595e-07,3.2004908576087834e-05,6.156034988303069e-16,3.8193981695593e-05,0.9999295556066566,5.267333190102953e-11
"Buffalo city, New York",36,11000,3,5,3.6323528721802087e-06,0.00017573198250789111,3.894961141800281e-19,0.9970270012865843,0.0,0.002793634378035861
"Cheektowaga CDP, New York",36,15000,4,3,3.235417722342628e-07,7.087553288551045e-08,4.626605867557777e-12,3.318163173184727e-06,0.9999962874148952,1.8848196477860466e-130
"Mount Vernon city, New York",36,49121,4,2,3.3097387234287596e-05,2.710718174609137e-15,1.9881952445838834e-07,2.4072268834555568e-12,0.9999667037908313,2.0644822399053273e-88
"New Rochelle city, New York",36,50617,4,2,7.902263506287221e-06,2.644896673113849e-10,1.306333387612802e-09,4.117663756936206e-24,0.9999920961656699,1.8193385606602854e-16
"New York city, New York",36,51000,5,2,0.0006699061791180015,1.7619549693172687e-06,2.0909537503490323e-07,5.2916755436596927e-17,0.0,0.9993281227705376
"Rochester city, New York",36,63000,3,5,9.149388508540328e-09,5.786199253159321e-09,3.45874304993403e-45,0.9999999686160064,0.0,1.6448406608606096e-08
"Schenectady city, New York",36,65508,4,3,4.07391267764809e-06,4.487985378901095e-09,4.313174657557322e-14,2.3664394818168086e-06,0.999993555159812,3.449328141363946e-19
"Syracuse city, New York",36,73000,5,5,9.143039852635338e-11,2.3327126801792208e-17,1.9260237859667816e-40,4.158278289882094e-08,0.0,0.9999999583257866
"Yonkers city, New York",36,84000,0,1,0.9999994789904009,2.1468648862347997e-08,4.971601894098444e-07,2.379060933544554e-09,0.0,1.7003225513251775e-12
"Asheville city, North Carolina",37,2140,3,5,1.7796364375469968e-40,7.549127703164092e-13,3.089979647429637e-67,0.9999999999992468,0.0,1.6966517694232235e-227
"Charlotte city, North Carolina",37,12000,1,2,0.04071140887960397,0.9519323690861935,0.00712842973891088,0.00022779229529130217,0.0,1.9242236595630553e-82
"Concord city, North Carolina",37,14100,4,0,8.437446391197785e-05,6.288791384813908e-05,0.00012996236508727328,1.2050381526657113e-05,0.9997107248756263,2.8430308335277082e-282
"Durham city, North Carolina",37,19000,1,2,0.0004899938927716394,0.9907914307576563,0.0004692219120421623,0.008249353437530317,0.0,1.0033710303343623e-134
"Fayetteville city, North Carolina",37,22920,3,3,0.005705897539866009,0.020896599529786623,7.191371366820511e-13,0.9733975029296273,0.0,1.785392774179785e-42
"Gastonia city, North Carolina",37,25580,5,5,1.1773684409728218e-07,5.75136160093269e-21,1.046661761460753e-54,0.005660042038996677,0.0,0.9943398402241593
"Greensboro city, North Carolina",37,28000,3,3,0.0015500935037942843,0.41465954699562274,1.9885886996726836e-06,0.5837883709118827,0.0,2.2082221886402335e-20
"Greenville city, North Carolina",37,28080,4,5,1.3302760184099446e-09,1.1267273057698688e-10,1.3132880790132556e-28,6.996305466348226e-07,0.9999992989265045,9.275119011157941e-28
"High Point city, North Carolina",37,31400,3,3,1.3261826462878545e-06,0.0003665031407975572,5.89284448752661e-24,0.9996321706765564,0.0,6.008925151734934e-44
"Jacksonville city, North Carolina",37,34200,2,3,0.0004927718022123594,1.3192593418874605e-05,0.9994829270677372,1.1108536631019175e-05,0.0,7.733685784888577e-33
"Raleigh city, North Carolina",37,55000,1,2,0.002187209334947991,0.99721279070227,0.00024975539687806226,0.0003502445659039269,0.0,6.383701256299188e-58
"Wilmington city, North Carolina",37,74440,3,2,0.2268844422247526,3.234071532317227e-06,0.0011925916041947066,0.7717091678080827,0.0,0.00021056429143709207
"Winston-Salem city, North Carolina",37,75000,3,2,0.0050325412482787515,0.00024551034791536134,1.4279744064290703e-06,0.9947172260260672,0.0,3.2944033323114832e-06
"Bismarck city, North Dakota",38,7200,4,3,1.82336364400968e-10,1.4435445259464348e-05,5.737011602264814e-10,0.0006058511019781386,0.9993797126967245,4.384234431891143e-192
"Fargo city, North Dakota",38,25700,4,3,1.0030902170169032e-09,5.424964583029821e-08,1.4682437837732854e-08,5.622227163743717e-06,0.9999943078376621,1.9131680201480328e-51
"Akron city, Ohio",39,1000,5,5,0.0006450962854227576,4.4993231873297566e-13,1.626666747951459e-30,0.004333136175037391,0.0,0.9950217675390897
"Canton city, Ohio",39,12000,4,5,1.3406090288763236e-21,1.71340634865715e-35,1.1460754277876013e-64,0.00011711063701177968,0.999882889362988,6.99639215817043e-37
"Cincinnati city, Ohio",39,15000,3,5,2.4814901820419214e-06,2.4593613542085205e-08,1.5142067237801455e-25,0.9999974939162041,0.0,1.8768075027747257e-20
"Cleveland city, Ohio",39,16000,3,5,7.231443024969883e-14,6.250039277510392e-10,7.164940738196591e-33,0.9999999993749231,0.0,3.0383643717745885e-17
"Columbus city, Ohio",39,18000,3,3,0.014031598455220071,0.4546475041076113,9.495869481451485e-09,0.5313208879412988,0.0,6.668628379808649e-41
"Dayton city, Ohio",39,21000,3,5,5.967782903315614e-16,5.859877422737842e-08,6.57856260309747e-28,0.9999999414012243,0.0,2.3941054225844605e-53
"Lorain city, Ohio",39,44856,4,3,9.54944097128277e-09,7.209959535601262e-07,1.010841829821148e-14,0.0016183364635012792,0.9983809329070801,8.401377429126647e-11
"Parma city, Ohio",39,61000,4,4,1.420242294292695e-06,1.2606637215424654e-06,0.005666754854367361,0.0036965376169354747,0.9906340266226817,2.646639121368446e-135
"Toledo city, Ohio",39,77000,3,5,8.644026037905316e-06,3.832318750027015e-12,2.5788630186346943e-37,0.999991355970129,0.0,6.786024850966945e-33
"Broken Arrow city, Oklahoma",40,9050,1,4,0.0076574000792146825,0.5724578161159164,0.41942368707693506,0.00046109672793299777,0.0,7.707512500136841e-240
"Edmond city, Oklahoma",40,23200,4,0,1.299793351011057e-10,5.5335530811105346e-08,0.0003088239465563376,5.975346103139821e-18,0.999691120587933,4.0097575959262746e-68
"Lawton city, Oklahoma",40,41850,3,5,9.287792791670891e-13,1.1676901804851562e-07,1.595135875551019e-25,0.9999998832300531,0.0,3.224942125524582e-54
"Norman city, Oklahoma",40,52500,1,3,1.7551029000573664e-06,0.999301985130337,1.2114523694043296e-06,0.0006950483143940467,0.0,1.2177458582307578e-38
"Oklahoma City city, Oklahoma",40,55000,3,3,0.0020686988875280627,0.005338152387165977,2.714742571702599e-10,0.992593148453832,0.0,2.8938815445432945e-53
"Tulsa city, Oklahoma",40,75000,3,3,0.0009203506656723671,0.015424058522244722,8.605771441420358e-12,0.9836555908034769,0.0,2.616324283352861e-19
"Beaverton city, Oregon",41,5350,4,0,8.869374800642953e-05,7.524906148365495e-10,1.0844896531084566e-06,1.4309881551129862e-14,0.9999102210098357,3.867689814474696e-104
"Eugene city, Oregon",41,23850,1,2,8.376092464624985e-05,0.9997034841115702,5.62947714685016e-10,0.00021274232804475274,0.0,1.2072791241246102e-08
"Gresham city, Oregon",41,31250,4,4,3.8590287615189384e-05,7.451116103108568e-12,1.6448472907519989e-09,1.606168237276367e-07,0.9999612474432625,6.9050178484280715e-65
"Hillsboro city, Oregon",41,34100,0,4,0.9998966155110732,2.1056710155358233e-06,0.0001012788178911554,2.0043299966033632e-14,0.0,8.262417734710804e-179
"Medford city, Oregon",41,47000,4,3,1.3592657919938196e-05,1.7407823980216658e-06,8.917669751812828e-10,0.00013121320233369372,0.9998534524655815,1.1011396664870601e-33
"Portland city, Oregon",41,59000,1,2,0.02198541295523791,0.6632415540510846,0.3147685721095827,4.460884094852552e-06,0.0,1.3869885132549525e-47
"Salem city, Oregon",41,64900,0,3,0.9440971885958178,0.004334713981067018,0.044276760469169334,0.007291336953945891,0.0,6.802320457068034e-70
"Allentown city, Pennsylvania",42,2000,5,5,4.980143644897525e-06,2.6019317501484853e-17,7.295022346010726e-41,5.640625467672254e-11,0.0,0.999995019799949
"Bethlehem city, Pennsylvania",42,6088,4,3,4.106972559968039e-05,3.011329039783753e-09,2.1255041596208374e-09,9.12212987615496e-06,0.9999498030076909,1.346910748865531e-68
"Erie city, Pennsylvania",42,24000,3,5,2.3582806509642137e-07,4.035279011856155e-06,6.665524641705495e-17,0.9999957288929228,0.0,2.9845436904052634e-35
"Philadelphia city, Pennsylvania",42,60000,1,2,0.039314186299062505,0.7058361353669952,1.5029707387222572e-05,0.25483464860880617,0.0,1.7748455745381753e-11
"Pittsburgh city, Pennsylvania",42,61000,3,2,4.451879401177247e-08,9.938754022004016e-05,6.771271656386127e-19,0.9999005679409866,0.0,1.8914445738213385e-25
"Reading city, Pennsylvania",42,63624,5,5,4.6551597046332574e-23,2.3893651231044958e-45,4.092487436730858e-73,9.625785299166872e-22,0.0,1.0
"Scranton city, Pennsylvania",42,69000,3,5,9.370644161496762e-18,1.3352388276852087e-09,9.177471595693433e-30,0.9999999986647605,0.0,1.1888763672555104e-17
"Cranston city, Rhode Island",44,19180,4,3,1.8903064257915254e-06,8.200371880504591e-17,3.7662766978802795e-09,5.704289239469195e-09,0.9999981002230081,9.697157517326824e-270
"Pawtucket city, Rhode Island",44,54640,4,3,1.8515119974528371e-06,3.7594561915470835e-16,1.0105127057067418e-08,1.5748189696241702e-05,0.999982390193179,8.30143163004663e-141
"Providence city, Rhode Island",44,59000,5,5,4.158322076109882e-11,9.866734872487574e-22,1.9026139167135503e-45,3.1659295220783885e-09,0.0,0.9999999967924875
"Warwick city, Rhode Island",44,74300,4,4,6.832639206766445e-05,8.23787850936776e-11,3.766524261442412e-05,5.15325682018955e-10,0.9998940077676132,1.1979735136148345e-162
"Columbia city, South Carolina",45,16000,3,5,2.946895520879954e-09,0.012738264853278287,5.925253164111281e-13,0.9872617321167729,0.0,8.246053233305421e-11
"Greenville city, South Carolina",45,30850,4,2,3.861575023745516e-09,1.214866420904638e-06,1.5900858558685053e-28,1.4596001501981522e-08,0.9999987666760026,1.4875398989079382e-19
"North Charleston city, South Carolina",45,50875,1,3,4.958284328115506e-06,0.9995822671356531,3.37226669804533e-07,0.0004124373533483452,0.0,2.272553530983741e-131
"Rock Hill city, South Carolina",45,61405,4,3,1.197061736879271e-05,2.287626705251814e-05,1.0539006995337575e-06,0.0005139280472028023,0.9994501711676765,3.025923871919377e-164
"Rapid City city, South Dakota",46,52980,4,3,2.857448352575913e-06,0.0003193363131008078,4.672263004371413e-05,0.0032770165788013647,0.9963540670297013,3.463785490633699e-139
"Sioux Falls city, South Dakota",46,59020,3,3,0.0006580748797029522,0.06364356297977618,0.003488981100159009,0.9322093810403623,0.0,1.3545485359058783e-174
"Chattanooga city, Tennessee",47,14000,3,5,0.015378287924181994,1.9316201541311102e-05,1.2904464642926242e-22,0.9275205801242347,0.0,0.057081815750042834
"Clarksville city, Tennessee",47,15160,3,3,0.0001216875676072511,1.7855078724189879e-06,3.668432884381475e-05,0.9998398425956766,0.0,8.242897924696931e-176
"Jackson city, Tennessee",47,37640,4,3,6.970644511325426e-08,1.9516517502524984e-12,3.396768257281036e-21,0.0005872530353648683,0.9994126772562384,3.270480120206384e-19
"Johnson City city, Tennessee",47,38320,4,3,3.7318878533731383e-07,1.5408599401317564e-05,5.221520372747801e-09,0.0036866383798787377,0.9962975746104146,3.234460726298616e-79
"Knoxville city, Tennessee",47,40000,3,2,1.0250063829034221e-05,0.0013772447198083465,2.0929040221216938e-07,0.9986122959259606,0.0,1.3743699140375775e-61
"Memphis city, Tennessee",47,48000,3,5,1.783776518035485e-07,3.4443952074849316e-08,7.4026448062318965e-34,0.9999674407753947,0.0,3.2346403001149255e-05
"Murfreesboro city, Tennessee",47,51560,4,0,1.0290607129871904e-05,1.0055274262477624e-07,8.845140106446043e-06,9.427806478977443e-06,0.9999713358935418,3.798373342161362e-189
"Nashville-Davidson metropolitan government (balance), Tennessee",47,52006,1,2,0.002257058979667081,0.9944026723463778,1.0612844076545903e-05,0.003329655829878362,0.0,3.503091129595299e-133
"Abilene city, Texas",48,1000,3,3,2.214999456008323e-07,0.010335458566554304,9.562510850110053e-14,0.9896643199334045,0.0,4.85863170883106e-44
"Amarillo city, Texas",48,3000,3,3,0.00012939509382946368,5.854446454013483e-06,8.031472898051427e-07,0.999863947312426,0.0,3.428298805031951e-98
"Arlington city, Texas",48,4000,0,3,0.9917272861871069,3.7398296230546213e-05,4.4808170546698855e-09,0.008235311035845464,0.0,2.903721900036677e-52
"Austin city, Texas",48,5000,1,2,0.001535845616507748,0.9895086177359087,0.00895521570736629,3.209402170579961e-07,0.0,4.8412352312596675e-84
"Baytown city, Texas",48,6128,4,3,8.475254189470058e-08,5.691609806863021e-10,1.9316365499656674e-13,4.267625109749026e-06,0.9999956470529944,1.1029928633439896e-50
"Beaumont city, Texas",48,7000,4,5,5.791081529652448e-15,3.2955220708235235e-12,5.136241181356776e-37,0.0005653131965697545,0.9994346868001289,6.362150253517882e-39
"Brownsville city, Texas",48,10768,3,3,4.8376704538108496e-05,3.96105933981268e-28,1.2817637720290786e-33,0.9999516232954603,0.0,3.673016714305624e-113
"Bryan city, Texas",48,10912,4,3,3.9728601706342983e-07,2.6532971416941616e-08,2.7480520658468964e-34,0.009178847329239908,0.9908207288517713,1.0200153606556476e-36
"Carrollton city, Texas",48,13024,4,0,6.515884267258445e-08,8.132959060165255e-07,3.9818522576064393e-16,4.157570002006587e-10,0.9999991211294937,6.101342081736052e-163
"Cedar Park city, Texas",48,13552,4,0,8.425503599861048e-07,8.325391341691841e-18,0.0001109089345962497,5.281597885134393e-30,0.9998882485150434,0.0
"College Station city, Texas",48,15976,1,5,1.906900858929956e-15,0.9999999218604051,2.1189967093119412e-29,7.813959319108968e-08,0.0,2.042446747155226e-71
"Conroe city, Texas",48,16432,4,3,5.923838833063391e-05,8.642040683361591e-08,3.851113533342924e-08,9.921477685810607e-06,0.9999307152024416,6.55599905488312e-107
"Corpus Christi city, Texas",48,17000,3,3,7.159088298912853e-07,0.0008889101391237104,4.243849832037032e-09,0.9991103697081968,0.0,2.36110079208126e-112
"Dallas city, Texas",48,19000,1,2,0.42435988037158273,0.5756119758395625,1.303857994241384e-10,2.8143658469681322e-05,0.0,1.5008924573842762e-42
"Denton city, Texas",48,19972,0,4,0.8683086972778584,0.043965093020544715,0.083919202588044,0.0038070071135526437,0.0,2.071284262566087e-38
"Edinburg city, Texas",48,22660,4,3,1.2124848352303713e-08,1.9453725898878683e-18,9.675132568761746e-26,0.00047204944199534727,0.9995279384331561,2.9202539956755682e-126
"El Paso city, Texas",48,24000,3,3,0.002103293756336428,2.3833796447931353e-07,1.3657572625654571e-11,0.9978964678920419,0.0,1.4571706290508034e-41
"Fort Worth city, Texas",48,27000,0,3,0.9466693155831651,0.0528237396233008,0.00014543169827567742,0.0003615130952581183,0.0,2.073114857460615e-52
"Frisco city, Texas",48,27684,2,0,2.7855401075577388e-06,9.296587685666294e-12,0.9999972144505965,2.8953650023248314e-50,0.0,0.0
"Garland city, Texas",48,29000,0,1,0.9999991881095208,7.309800077294432e-14,2.1930049835731263e-19,8.118904067653337e-07,0.0,2.17682319741024e-75
"Grand Prairie city, Texas",48,30464,0,4,0.9999935576243527,1.569384074124169e-14,1.1045383322385382e-11,6.44236458624172e-06,0.0,4.5969198345546494e-214
"Harlingen city, Texas",48,32372,3,5,5.3095654961671865e-30,8.885288039008057e-53,8.626711240142742e-215,0.9973463925643883,0.0026536074356129087,1.6124085836244968e-45
"Houston city, Texas",48,35000,5,5,0.0003468744195045556,0.000696396073236221,9.96042601255804e-25,0.000320672652006031,0.0,0.9986360568552535
"Irving city, Texas",48,37000,1,2,0.2505410227536544,0.749458836387151,5.257178569058662e-15,1.4085918853901333e-07,0.0,3.978085861429991e-94
"Killeen city, Texas",48,39148,3,3,4.3510839881379415e-06,6.697652076197842e-13,5.96538250032501e-42,0.9999956489153428,0.0,4.497868653388179e-27
"Laredo city, Texas",48,41464,3,1,0.12856759002457296,1.249607871954263e-17,6.166039451495922e-50,0.8714322656823471,0.0,1.4429308088481025e-07
"League City city, Texas",48,41980,2,0,3.8940844635310666e-06,8.645618141807745e-12,0.9999961059068904,2.747126177749094e-32,0.0,4.782272320905545e-218
"Lewisville city, Texas",48,42508,4,0,5.94516617798339e-05,1.3104246801245246e-06,0.00016954252161427796,3.1429916727499116e-10,0.9997696950776266,3.863269348883377e-65
"Longview city, Texas",48,43888,4,3,3.841830710314345e-06,1.2692414523742446e-05,4.089697633357809e-15,0.007949552299921404,0.9920339134548405,2.657534222036745e-17
"Lubbock city, Texas",48,45000,3,3,0.021370862039396903,2.9839057882093358e-05,9.934904323351363e-07,0.9785983047691906,0.0,6.430981754696548e-10
"McAllen city, Texas",48,45384,5,5,9.353551512155939e-10,3.5431751039788966e-28,2.0287304769156224e-40,0.0005178779302438649,0.0,0.9994821211344002
"McKinney city, Texas",48,45744,2,0,0.0007530146426112823,5.324279542461532e-06,0.9992416610778461,9.85715667549266e-27,0.0,9.164186426353833e-277
"Mesquite city, Texas",48,47892,0,1,0.9998914294938108,1.5031975326704695e-10,0.00010848475773762965,8.559813106876161e-08,0.0,5.78765683723637e-16
"Midland city, Texas",48,48072,4,3,9.354694932551271e-08,6.060299226891383e-10,5.3787991858054e-32,1.1757112776348473e-07,0.9968772374032107,0.003122550872682307
"Mission city, Texas",48,48768,4,5,5.088537239336581e-15,6.907703528223002e-22,2.733423869209634e-32,2.236394350781031e-05,0.9999776360564864,3.769406621545775e-31
"Missouri City city, Texas",48,48804,4,4,1.3971544774467615e-07,2.7478279231300776e-16,1.3250462735938595e-07,1.4581020355443044e-24,0.9999997277799249,0.0
"New Braunfels city, Texas",48,50820,4,4,0.00011033663024703716,1.2678321755869181e-06,9.673558029408671e-05,2.3217148302086263e-10,0.9997916597251119,3.262368757402519e-132
"North Richland Hills city, Texas",48,52356,4,0,9.261257909085613e-06,6.163919654945432e-20,8.133498066244757e-05,3.558304886850217e-15,0.9999094037614251,1.1692088883803378e-281
"Odessa city, Texas",48,53388,4,3,6.623185695926158e-06,6.438972034757987e-13,9.722622887820329e-14,1.1450237505376427e-10,0.9999933766990609,1.0458078137918157e-44
"Pasadena city, Texas",48,56000,5,1,0.00014135868141881955,4.991614487952708e-18,6.293239054297453e-50,3.3608256876240994e-07,0.0,0.9998583052360127
"Pearland city, Texas",48,56348,4,0,8.89489359531056e-08,1.1937026838208532e-19,0.0029277252007952792,9.698800605999549e-43,0.9970721858502679,0.0
"Pharr city, Texas",48,57200,4,1,8.702427252807846e-11,7.015691146520201e-40,7.670890584009121e-110,6.359318634016296e-05,0.9999364067266371,4.457294152762917e-75
"Plano city, Texas",48,58016,2,0,0.00025532075511449173,0.010233657986297799,0.9895110212585869,1.1287058954129269e-18,0.0,9.850034376332141e-174
"Round Rock city, Texas",48,63500,2,0,0.11289417033884004,0.0021165518001309454,0.8849892774854621,3.755668632555388e-10,0.0,1.7255600631810838e-222
"San Angelo city, Texas",48,64472,1,3,1.069499321562102e-05,0.968234003141148,5.068091278261194e-09,0.03175529679754492,0.0,4.324262191678962e-88
"San Antonio city, Texas",48,65000,3,3,0.09856318363134867,0.18936956426352936,1.9619956145579047e-09,0.7120672501431262,0.0,2.5291051993570584e-26
"Sugar Land city, Texas",48,70808,4,0,6.348627402720448e-08,5.92735496285512e-09,0.0004319912828859932,9.488498675071294e-51,0.9995679393034856,8.589552600739509e-147
"Temple city, Texas",48,72176,4,3,2.4368455009563835e-08,0.00011500855587573342,9.815706955516762e-25,0.01777218045362715,0.9821127866220425,1.87378064523621e-35
"The Woodlands CDP, Texas",48,72656,4,0,5.4747197525389725e-12,1.9422081277693163e-15,3.593530121590381e-07,2.2452457925094822e-53,0.999999640641511,4.308894306003658e-169
"Tyler city, Texas",48,74144,4,3,3.2917223944941293e-06,0.0004593942165397341,7.392432368494034e-16,0.0004871640692389488,0.9990500198859517,1.30105874402067e-07
"Victoria city, Texas",48,75428,4,3,1.6643943166425526e-12,7.984434028985883e-21,4.42027332131086e-11,0.00025278783426883574,0.9997472121198637,3.5563595731655493e-152
"Waco city, Texas",48,76000,3,5,0.00014701682365591997,3.991037989977929e-09,1.5452432302673542e-16,0.9998529791853055,0.0,1.2797261106948999e-20
"Wichita Falls city, Texas",48,79000,3,3,2.2631677269188124e-06,0.018700682500192887,1.9166761234128894e-14,0.9812970543320607,0.0,2.251151494740632e-89
"Ogden city, Utah",49,55980,0,3,0.9165413865713271,0.002763428398245038,1.7823155354130034e-05,0.08067736187507367,0.0,4.5730056903155684e-222
"Orem city, Utah",49,57300,1,2,0.07397658074657835,0.9138099709304799,7.763539848654534e-07,0.012212671968957194,0.0,3.477036697843764e-167
"Provo city, Utah",49,62470,3,2,2.1039167791566096e-13,6.934760984121214e-05,2.724465234318501e-21,0.999930652389948,0.0,2.235748711238797e-22
"St. George city, Utah",49,65330,4,3,4.855747261043165e-11,1.2855971936293448e-10,2.0766203321655656e-07,1.627174743434492e-09,0.9999997905336746,0.0
"Salt Lake City city, Utah",49,67000,1,2,0.011631097236937444,0.8600389822780674,0.009502323906352004,0.11882759657864343,0.0,6.309323604213479e-41
"West Jordan city, Utah",49,82950,2,4,0.00045641235026237716,1.579791006071579e-14,0.9995435876497223,1.1089666793831138e-22,0.0,0.0
"West Valley City city, Utah",49,83470,0,4,0.999946713735278,8.438902641047807e-10,5.210203345454838e-05,1.1833873772011252e-06,0.0,0.0
"Alexandria city, Virginia",51,1000,4,0,7.741973792723438e-08,3.0447454482066084e-09,7.163822354272116e-07,6.104514393756111e-29,0.9999992031532812,1.339685658539821e-256
"Arlington CDP, Virginia",51,3000,4,0,4.034028187706133e-07,5.176021201295437e-16,0.0009062730166180513,1.3276443563024664e-47,0.9990933235805631,6.281442142800683e-296
"Chesapeake city, Virginia",51,16000,0,4,0.9542050007610426,0.004681308699555972,0.041113690493084366,4.631676806873975e-11,0.0,9.53204222042913e-63
"Hampton city, Virginia",51,35000,0,3,0.527425601284725,0.3821529877857924,9.274236816093973e-06,0.09041213669266743,0.0,6.303809202944003e-45
"Lynchburg city, Virginia",51,47672,3,3,6.870946750249666e-09,0.0756289655158938,6.018918469673804e-08,0.924370967423975,0.0,1.0312651105655906e-42
"Newport News city, Virginia",51,56000,3,3,0.0016040280003821324,0.1913326335421206,0.0008675450533578951,0.8061957934041394,0.0,2.3263324264227435e-23
"Norfolk city, Virginia",51,57000,1,2,0.11698348566981139,0.7334888218865994,0.03999831506428013,0.10952937737930868,0.0,2.3396234232438914e-28
"Portsmouth city, Virginia",51,64000,3,3,6.186543799244725e-05,0.0006520251826325951,5.528919116142257e-07,0.9992855564874634,0.0,1.1757777725485771e-166
"Richmond city, Virginia",51,67000,3,2,0.004762320063635493,0.4541559561546037,4.138816300525445e-06,0.5410775849654604,0.0,6.01285557791256e-28
"Roanoke city, Virginia",51,68000,4,3,2.035636477037497e-14,2.663130965587385e-06,9.396217128473569e-27,0.0029247613425417845,0.9970725755264724,1.5147043189433267e-38
"Suffolk city, Virginia",51,76432,2,4,0.3468471751172475,6.13862477258548e-05,0.6530914194544749,1.918055115885482e-08,0.0,3.230503694788569e-144
"Virginia Beach city, Virginia",51,82000,2,4,0.08496086005732964,0.016995321304418026,0.8980436512534608,1.6738479180551051e-07,0.0,3.9163171442658727e-146
"Auburn city, Washington",53,3180,4,4,0.0002145350569242876,2.3720666041017286e-13,5.3975427095325264e-11,1.0304860337725142e-19,0.9997854648888632,1.883546128866777e-38
"Bellevue city, Washington",53,5210,2,0,6.70410101607294e-13,1.1829772609345684e-27,0.9999999999993303,2.2524251134756954e-99,0.0,3.101229118759066e-209
"Bellingham city, Washington",53,5280,1,2,2.727349022682105e-06,0.9995618018317167,1.4316154687298345e-05,0.00042115466457273,0.0,5.301491444292302e-56
"Everett city, Washington",53,22640,0,3,0.9999999784611975,1.6279039668164406e-09,1.728820547307572e-08,2.6226925082283003e-09,0.0,1.2383501272846132e-79
"Federal Way city, Washington",53,23515,4,4,0.0018544111373890637,1.2653729832660748e-14,7.168313401290913e-05,1.9064790805864376e-15,0.9980739057285837,1.1631844435944278e-72
"Kennewick city, Washington",53,35275,4,3,3.8241413927791646e-07,3.46895106658152e-07,9.100949009351415e-24,3.2880099626981996e-07,0.9999989418897564,1.0376331165960487e-15
"Kent city, Washington",53,35415,0,4,0.9675710242230398,3.8473953704228816e-08,0.03242893730300558,1.6681889439132897e-15,0.0,2.620869313881081e-108
"Marysville city, Washington",53,43955,4,4,9.962091565865786e-06,8.336063024451986e-31,8.5136786593402e-05,6.122657697360185e-26,0.9999049011218408,5e-324
"Pasco city, Washington",53,53545,4,3,2.5846641407009137e-07,1.2163379100827194e-31,1.1073237697759564e-23,4.123902703972376e-11,0.999999741492347,1.7529881442938258e-161
"Redmond city, Washington",53,57535,4,0,7.81866500377841e-08,1.9415150240570463e-23,0.06258739781064034,9.626554499986353e-69,0.9374125240027097,1.620342920943682e-271
"Renton city, Washington",53,57745,4,0,6.258440468793093e-05,2.2399756708818256e-18,0.00010558913773312296,1.5515647413794465e-21,0.9998318264575787,1.569010594880005e-252
"Seattle city, Washington",53,63000,2,0,0.00012172292499519636,7.065219619448614e-05,0.9998076248788103,2.947096573946775e-26,0.0,3.767626966186047e-163
"Shoreline city, Washington",53,63960,4,0,5.5981657161573705e-05,6.036731092150443e-12,5.7671960131823165e-06,2.938878127761594e-18,0.9999382511407887,3.420841722871604e-131
"Spokane city, Washington",53,67000,1,3,0.05110330971087664,0.9200609183135456,0.000775881860550611,0.02805989011502751,0.0,2.4150803403995026e-76
"Spokane Valley city, Washington",53,67167,4,4,1.3870860056117717e-05,1.0563183044606839e-12,1.2384299662160073e-06,5.928380298950414e-08,0.9999848314251185,4.640916439017983e-74
"Tacoma city, Washington",53,70000,0,4,0.9517263161651708,0.0008126498220956956,0.04745964232876809,1.3916839650917124e-06,0.0,8.408423641676402e-89
"Vancouver city, Washington",53,74060,2,4,0.03177613736629566,2.1857592553676712e-11,0.9682153013754783,8.561236368410584e-06,0.0,1.1647328041135317e-183
"Yakima city, Washington",53,80010,4,3,2.0540795274986332e-10,1.4696470113390992e-34,1.455280340552778e-19,3.317550764445684e-07,0.999999668039516,9.755376153762108e-94
"Green Bay city, Wisconsin",55,31000,3,3,0.015474571017895277,0.0007731098994257647,0.002233372343132267,0.9815189467395466,0.0,1.488323030053108e-92
"Janesville city, Wisconsin",55,37825,4,3,3.2852275009300787e-07,6.585850931904982e-09,8.270013650192366e-06,0.015576952562999428,0.9844144423147494,1.980175636682962e-135
"Kenosha city, Wisconsin",55,39225,3,4,0.0019476749439788952,0.05741484906483604,0.0013793729575903575,0.9392581030335952,0.0,7.413129098775538e-146
"Madison city, Wisconsin",55,48000,1,2,5.286433560496945e-07,0.999305890092558,1.2421324666723904e-06,0.0006923391316197759,0.0,1.5683165484367924e-91
"Milwaukee city, Wisconsin",55,53000,3,5,0.01369322086146295,0.009620400677993548,2.791477913329282e-23,0.9765506304077209,0.0,0.00013574805282297276
"Oshkosh city, Wisconsin",55,60500,3,3,6.563775612702842e-07,1.986029061595511e-06,4.6142142549589683e-10,0.9999973571319566,0.0,1.0119393326980502e-53
"Racine city, Wisconsin",55,66000,4,3,5.837439388103642e-09,1.1032528206549263e-10,5.876416262576874e-23,1.8239873375627637e-05,0.9999817541788598,5.583215320764094e-65
"Waukesha city, Wisconsin",55,84250,4,4,3.809514794919491e-08,1.2078465874441269e-08,6.462090351274495e-07,3.339302158499598e-06,0.9999959643151929,7.462135859567474e-120
"Cheyenne city, Wyoming",56,13900,4,4,7.0091484100792796e-09,5.3827842750040984e-08,1.6006331559372403e-06,0.0003827319595168938,0.9996156065703359,1.268221091577958e-116
